First_Phase/scene_demo/finish_v1/control.py:1: trailing whitespace.
+import numpy as np
First_Phase/scene_demo/finish_v1/control.py:2: trailing whitespace.
+from .geometry import clouds, screen, plan_retreat
First_Phase/scene_demo/finish_v1/control.py:3: trailing whitespace.
+from scene_demo import joint_home as jh
First_Phase/scene_demo/finish_v1/control.py:4: trailing whitespace.
+
First_Phase/scene_demo/finish_v1/control.py:5: trailing whitespace.
+
First_Phase/scene_demo/finish_v1/control.py:6: trailing whitespace.
+def run_finish(port, context, initial_verdict, decide_fn, check_fn, emit):
First_Phase/scene_demo/finish_v1/control.py:7: trailing whitespace.
+    r = {
First_Phase/scene_demo/finish_v1/control.py:8: trailing whitespace.
+        'ready': False, 'ok': False, 'reason': '', 
First_Phase/scene_demo/finish_v1/control.py:9: trailing whitespace.
+        'counts': {'release': 0, 'movement': 0, 'confirm': 0, 'home': 0},
First_Phase/scene_demo/finish_v1/control.py:10: trailing whitespace.
+        'plan': None, 'checks': [], 'restored': False, 
First_Phase/scene_demo/finish_v1/control.py:11: trailing whitespace.
+        'limitation': 'visible geometry only'
First_Phase/scene_demo/finish_v1/control.py:12: trailing whitespace.
+    }
First_Phase/scene_demo/finish_v1/control.py:13: trailing whitespace.
+    v = initial_verdict
First_Phase/scene_demo/finish_v1/control.py:14: trailing whitespace.
+    caps = {'release': 20, 'movement': 80, 'confirm': 20, 'home': 360}
First_Phase/scene_demo/finish_v1/control.py:15: trailing whitespace.
+
First_Phase/scene_demo/finish_v1/control.py:16: trailing whitespace.
+    def act(ph, q, f=None):
First_Phase/scene_demo/finish_v1/control.py:17: trailing whitespace.
+        if r['counts'][ph] >= caps[ph]:
First_Phase/scene_demo/finish_v1/control.py:18: trailing whitespace.
+            raise RuntimeError('budget')
First_Phase/scene_demo/finish_v1/control.py:19: trailing whitespace.
+        port.phase = ph
First_Phase/scene_demo/finish_v1/control.py:20: trailing whitespace.
+        port.start()
First_Phase/scene_demo/finish_v1/control.py:21: trailing whitespace.
+        st = port.step(q, f)
First_Phase/scene_demo/finish_v1/control.py:22: trailing whitespace.
+        r['counts'][ph] += 1
First_Phase/scene_demo/finish_v1/control.py:23: trailing whitespace.
+        emit({'phase': ph, 'count': r['counts'][ph], 'state': st})
First_Phase/scene_demo/finish_v1/control.py:24: trailing whitespace.
+        return st
First_Phase/scene_demo/finish_v1/control.py:25: trailing whitespace.
+
First_Phase/scene_demo/finish_v1/control.py:26: trailing whitespace.
+    def verify():
First_Phase/scene_demo/finish_v1/control.py:27: trailing whitespace.
+        obs = port.capture()
First_Phase/scene_demo/finish_v1/control.py:28: trailing whitespace.
+        vnew = check_fn(context, [obs])
First_Phase/scene_demo/finish_v1/control.py:29: trailing whitespace.
+        dnew = decide_fn(context, vnew)
First_Phase/scene_demo/finish_v1/control.py:30: trailing whitespace.
+        r['checks'].append(vnew)
First_Phase/scene_demo/finish_v1/control.py:31: trailing whitespace.
+        return vnew, dnew
First_Phase/scene_demo/finish_v1/control.py:32: trailing whitespace.
+
First_Phase/scene_demo/finish_v1/control.py:33: trailing whitespace.
+    def route_screen(remaining, delta):
First_Phase/scene_demo/finish_v1/control.py:34: trailing whitespace.
+        fresh = port.capture()
First_Phase/scene_demo/finish_v1/control.py:35: trailing whitespace.
+        actualq = np.asarray(port.read_robot()['arm_qpos'])
First_Phase/scene_demo/finish_v1/control.py:36: trailing whitespace.
+        poses = []
First_Phase/scene_demo/finish_v1/control.py:37: trailing whitespace.
+        previous = actualq
First_Phase/scene_demo/finish_v1/control.py:38: trailing whitespace.
+        for q in remaining:
First_Phase/scene_demo/finish_v1/control.py:39: trailing whitespace.
+            q = np.asarray(q)
First_Phase/scene_demo/finish_v1/control.py:40: trailing whitespace.
+            n = max(1, int(np.ceil(np.max(np.abs(q - previous)) / delta)))
First_Phase/scene_demo/finish_v1/control.py:41: trailing whitespace.
+            for alpha in np.linspace(0, 1, n + 1)[1:]:
First_Phase/scene_demo/finish_v1/control.py:42: trailing whitespace.
+                poses.append(port.robot_spheres(previous + (q - previous) * alpha))
First_Phase/scene_demo/finish_v1/control.py:43: trailing whitespace.
+            previous = q
First_Phase/scene_demo/finish_v1/control.py:44: trailing whitespace.
+        return screen(clouds(fresh['frames']), port.robot_spheres(actualq), poses)['ok']
First_Phase/scene_demo/finish_v1/control.py:45: trailing whitespace.
+
First_Phase/scene_demo/finish_v1/control.py:46: trailing whitespace.
+    try:
First_Phase/scene_demo/finish_v1/control.py:47: trailing whitespace.
+        d = decide_fn(context, v)
First_Phase/scene_demo/finish_v1/control.py:48: trailing whitespace.
+        op = context['current_subtask']['operation']
First_Phase/scene_demo/finish_v1/control.py:49: trailing whitespace.
+        ref = port.reference
First_Phase/scene_demo/finish_v1/control.py:50: trailing whitespace.
+
First_Phase/scene_demo/finish_v1/control.py:51: trailing whitespace.
+        if d['state'] in ('incomplete', 'unknown'):
First_Phase/scene_demo/finish_v1/control.py:52: trailing whitespace.
+            r['reason'] = 'initial stop'
First_Phase/scene_demo/finish_v1/control.py:53: trailing whitespace.
+            return r
First_Phase/scene_demo/finish_v1/control.py:54: trailing whitespace.
+
First_Phase/scene_demo/finish_v1/control.py:55: trailing whitespace.
+        if d['state'] == 'needs_release':
First_Phase/scene_demo/finish_v1/control.py:56: trailing whitespace.
+            q = np.asarray(port.read_robot()['arm_qpos'])
First_Phase/scene_demo/finish_v1/control.py:57: trailing whitespace.
+            f = np.asarray(port.read_robot()['finger_qpos'])
First_Phase/scene_demo/finish_v1/control.py:58: trailing whitespace.
+
First_Phase/scene_demo/finish_v1/control.py:59: trailing whitespace.
+            if not d['allow_release']:
First_Phase/scene_demo/finish_v1/control.py:60: trailing whitespace.
+                streak = 0
First_Phase/scene_demo/finish_v1/control.py:61: trailing whitespace.
+                for _ in range(10):
First_Phase/scene_demo/finish_v1/control.py:62: trailing whitespace.
+                    st = act('release', q, f)
First_Phase/scene_demo/finish_v1/control.py:63: trailing whitespace.
+                    if np.max(np.abs(st['arm_qvel'])) <= 0.02:
First_Phase/scene_demo/finish_v1/control.py:64: trailing whitespace.
+                        streak += 1
First_Phase/scene_demo/finish_v1/control.py:65: trailing whitespace.
+                    else:
First_Phase/scene_demo/finish_v1/control.py:66: trailing whitespace.
+                        streak = 0
First_Phase/scene_demo/finish_v1/control.py:67: trailing whitespace.
+                    if streak >= 5:
First_Phase/scene_demo/finish_v1/control.py:68: trailing whitespace.
+                        break
First_Phase/scene_demo/finish_v1/control.py:69: trailing whitespace.
+                if streak < 5:
First_Phase/scene_demo/finish_v1/control.py:70: trailing whitespace.
+                    r['reason'] = 'settle not stable'
First_Phase/scene_demo/finish_v1/control.py:71: trailing whitespace.
+                    return r
First_Phase/scene_demo/finish_v1/control.py:72: trailing whitespace.
+                v, d = verify()
First_Phase/scene_demo/finish_v1/control.py:73: trailing whitespace.
+                if not d['allow_release']:
First_Phase/scene_demo/finish_v1/control.py:74: trailing whitespace.
+                    r['reason'] = 'release denied'
First_Phase/scene_demo/finish_v1/control.py:75: trailing whitespace.
+                    return r
First_Phase/scene_demo/finish_v1/control.py:76: trailing whitespace.
+
First_Phase/scene_demo/finish_v1/control.py:77: trailing whitespace.
+            streak = 0
First_Phase/scene_demo/finish_v1/control.py:78: trailing whitespace.
+            while r['counts']['release'] < 20:
First_Phase/scene_demo/finish_v1/control.py:79: trailing whitespace.
+                st = act('release', q, ref['finger_home'])
First_Phase/scene_demo/finish_v1/control.py:80: trailing whitespace.
+                condition = (
First_Phase/scene_demo/finish_v1/control.py:81: trailing whitespace.
+                    np.max(np.abs(q - st['arm_qpos'])) <= 0.01 and
First_Phase/scene_demo/finish_v1/control.py:82: trailing whitespace.
+                    np.max(np.abs(np.asarray(ref['finger_home']) - np.asarray(st['finger_qpos']))) <= 0.002 and
First_Phase/scene_demo/finish_v1/control.py:83: trailing whitespace.
+                    np.max(np.abs(st['arm_qvel'])) <= 0.02
First_Phase/scene_demo/finish_v1/control.py:84: trailing whitespace.
+                )
First_Phase/scene_demo/finish_v1/control.py:85: trailing whitespace.
+                if condition:
First_Phase/scene_demo/finish_v1/control.py:86: trailing whitespace.
+                    streak += 1
First_Phase/scene_demo/finish_v1/control.py:87: trailing whitespace.
+                else:
First_Phase/scene_demo/finish_v1/control.py:88: trailing whitespace.
+                    streak = 0
First_Phase/scene_demo/finish_v1/control.py:89: trailing whitespace.
+                if streak >= 5:
First_Phase/scene_demo/finish_v1/control.py:90: trailing whitespace.
+                    break
First_Phase/scene_demo/finish_v1/control.py:91: trailing whitespace.
+            if streak < 5:
First_Phase/scene_demo/finish_v1/control.py:92: trailing whitespace.
+                r['reason'] = 'release not confirmed'
First_Phase/scene_demo/finish_v1/control.py:93: trailing whitespace.
+                return r
First_Phase/scene_demo/finish_v1/control.py:94: trailing whitespace.
+            v, d = verify()
First_Phase/scene_demo/finish_v1/control.py:95: trailing whitespace.
+            if not all(v.get(k) is True for k in ('at_destination', 'supported', 'released', 'stable')):
First_Phase/scene_demo/finish_v1/control.py:96: trailing whitespace.
+                r['reason'] = 'release visual failed'
First_Phase/scene_demo/finish_v1/control.py:97: trailing whitespace.
+                return r
First_Phase/scene_demo/finish_v1/control.py:98: trailing whitespace.
+
First_Phase/scene_demo/finish_v1/control.py:99: trailing whitespace.
+        if d['state'] == 'needs_retreat':
First_Phase/scene_demo/finish_v1/control.py:100: trailing whitespace.
+            if not d['allow_retreat'] or (op == 'turn' and v['operation_achieved'] is not True):
First_Phase/scene_demo/finish_v1/control.py:101: trailing whitespace.
+                r['reason'] = 'retreat denied'
First_Phase/scene_demo/finish_v1/control.py:102: trailing whitespace.
+                return r
First_Phase/scene_demo/finish_v1/control.py:103: trailing whitespace.
+            if op == 'place' and not all(v.get(k) is True for k in ('at_destination', 'supported', 'released', 'stable')):
First_Phase/scene_demo/finish_v1/control.py:104: trailing whitespace.
+                r['reason'] = 'retreat denied'
First_Phase/scene_demo/finish_v1/control.py:105: trailing whitespace.
+                return r
First_Phase/scene_demo/finish_v1/control.py:106: trailing whitespace.
+
First_Phase/scene_demo/finish_v1/control.py:107: trailing whitespace.
+            p = plan_retreat(port, port.capture(), v)
First_Phase/scene_demo/finish_v1/control.py:108: trailing whitespace.
+            r['plan'] = p
First_Phase/scene_demo/finish_v1/control.py:109: trailing whitespace.
+            if not p['ok']:
First_Phase/scene_demo/finish_v1/control.py:110: trailing whitespace.
+                r['reason'] = 'retreat plan blocked'
First_Phase/scene_demo/finish_v1/control.py:111: trailing whitespace.
+                return r
First_Phase/scene_demo/finish_v1/control.py:112: trailing whitespace.
+            qs = p['waypoints']
First_Phase/scene_demo/finish_v1/control.py:113: trailing whitespace.
+
First_Phase/scene_demo/finish_v1/control.py:114: trailing whitespace.
+            for i in range(1, len(qs)):
First_Phase/scene_demo/finish_v1/control.py:115: trailing whitespace.
+                while np.max(np.abs(np.asarray(port.read_robot()['arm_qpos']) - np.asarray(qs[i]))) > 0.004:
First_Phase/scene_demo/finish_v1/control.py:116: trailing whitespace.
+                    if r['counts']['movement'] >= 80:
First_Phase/scene_demo/finish_v1/control.py:117: trailing whitespace.
+                        r['reason'] = 'movement budget'
First_Phase/scene_demo/finish_v1/control.py:118: trailing whitespace.
+                        return r
First_Phase/scene_demo/finish_v1/control.py:119: trailing whitespace.
+                    st = act('movement', qs[i])
First_Phase/scene_demo/finish_v1/control.py:120: trailing whitespace.
+                    if r['counts']['movement'] % 10 == 0 and not route_screen(qs[i:], 0.003):
First_Phase/scene_demo/finish_v1/control.py:121: trailing whitespace.
+                        r['reason'] = 'movement screen blocked'
First_Phase/scene_demo/finish_v1/control.py:122: trailing whitespace.
+                        return r
First_Phase/scene_demo/finish_v1/control.py:123: trailing whitespace.
+
First_Phase/scene_demo/finish_v1/control.py:124: trailing whitespace.
+            streak = 0
First_Phase/scene_demo/finish_v1/control.py:125: trailing whitespace.
+            for _ in range(20):
First_Phase/scene_demo/finish_v1/control.py:126: trailing whitespace.
+                st = act('confirm', qs[-1])
First_Phase/scene_demo/finish_v1/control.py:127: trailing whitespace.
+                qerr = np.max(np.abs(np.asarray(port.read_robot()['arm_qpos']) - np.asarray(qs[-1])))
First_Phase/scene_demo/finish_v1/control.py:128: trailing whitespace.
+                if qerr <= 0.004 and np.max(np.abs(st['arm_qvel'])) <= 0.02:
First_Phase/scene_demo/finish_v1/control.py:129: trailing whitespace.
+                    streak += 1
First_Phase/scene_demo/finish_v1/control.py:130: trailing whitespace.
+                else:
First_Phase/scene_demo/finish_v1/control.py:131: trailing whitespace.
+                    streak = 0
First_Phase/scene_demo/finish_v1/control.py:132: trailing whitespace.
+                if streak >= 5:
First_Phase/scene_demo/finish_v1/control.py:133: trailing whitespace.
+                    break
First_Phase/scene_demo/finish_v1/control.py:134: trailing whitespace.
+            if streak < 5:
First_Phase/scene_demo/finish_v1/control.py:135: trailing whitespace.
+                r['reason'] = 'confirm not stable'
First_Phase/scene_demo/finish_v1/control.py:136: trailing whitespace.
+                return r
First_Phase/scene_demo/finish_v1/control.py:137: trailing whitespace.
+            v, d = verify()
First_Phase/scene_demo/finish_v1/control.py:138: trailing whitespace.
+
First_Phase/scene_demo/finish_v1/control.py:139: trailing whitespace.
+        if d['state'] != 'complete' or v.get('released') is not True:
First_Phase/scene_demo/finish_v1/control.py:140: trailing whitespace.
+            r['reason'] = 'not eligible for home'
First_Phase/scene_demo/finish_v1/control.py:141: trailing whitespace.
+            return r
First_Phase/scene_demo/finish_v1/control.py:142: trailing whitespace.
+
First_Phase/scene_demo/finish_v1/control.py:143: trailing whitespace.
+        actualq = np.asarray(port.read_robot()['arm_qpos'])
First_Phase/scene_demo/finish_v1/control.py:144: trailing whitespace.
+        homeq = np.asarray(ref['homeq'])
First_Phase/scene_demo/finish_v1/control.py:145: trailing whitespace.
+        n = max(1, int(np.ceil(np.max(np.abs(homeq - actualq)) / 0.01)))
First_Phase/scene_demo/finish_v1/control.py:146: trailing whitespace.
+        qs = [actualq + (homeq - actualq) * alpha for alpha in np.linspace(0, 1, n + 1)]
First_Phase/scene_demo/finish_v1/control.py:147: trailing whitespace.
+
First_Phase/scene_demo/finish_v1/control.py:148: trailing whitespace.
+        if not route_screen(qs[1:], 0.01):
First_Phase/scene_demo/finish_v1/control.py:149: trailing whitespace.
+            r['reason'] = 'home screen blocked'
First_Phase/scene_demo/finish_v1/control.py:150: trailing whitespace.
+            return r
First_Phase/scene_demo/finish_v1/control.py:151: trailing whitespace.
+
First_Phase/scene_demo/finish_v1/control.py:152: trailing whitespace.
+        for i in range(1, len(qs)):
First_Phase/scene_demo/finish_v1/control.py:153: trailing whitespace.
+            while np.max(np.abs(np.asarray(port.read_robot()['arm_qpos']) - np.asarray(qs[i]))) > 0.004:
First_Phase/scene_demo/finish_v1/control.py:154: trailing whitespace.
+                if r['counts']['home'] >= 360:
First_Phase/scene_demo/finish_v1/control.py:155: trailing whitespace.
+                    r['reason'] = 'home budget'
First_Phase/scene_demo/finish_v1/control.py:156: trailing whitespace.
+                    return r
First_Phase/scene_demo/finish_v1/control.py:157: trailing whitespace.
+                st = act('home', qs[i], ref['finger_home'])
First_Phase/scene_demo/finish_v1/control.py:158: trailing whitespace.
+                if r['counts']['home'] % 10 == 0 and not route_screen(qs[i:], 0.01):
First_Phase/scene_demo/finish_v1/control.py:159: trailing whitespace.
+                    r['reason'] = 'home refresh blocked'
First_Phase/scene_demo/finish_v1/control.py:160: trailing whitespace.
+                    return r
First_Phase/scene_demo/finish_v1/control.py:161: trailing whitespace.
+
First_Phase/scene_demo/finish_v1/control.py:162: trailing whitespace.
+        streak = 0
First_Phase/scene_demo/finish_v1/control.py:163: trailing whitespace.
+        while r['counts']['home'] < 360:
First_Phase/scene_demo/finish_v1/control.py:164: trailing whitespace.
+            st = act('home', homeq, ref['finger_home'])
First_Phase/scene_demo/finish_v1/control.py:165: trailing whitespace.
+            if jh.home_metrics(ref, st)['ready']:
First_Phase/scene_demo/finish_v1/control.py:166: trailing whitespace.
+                streak += 1
First_Phase/scene_demo/finish_v1/control.py:167: trailing whitespace.
+            else:
First_Phase/scene_demo/finish_v1/control.py:168: trailing whitespace.
+                streak = 0
First_Phase/scene_demo/finish_v1/control.py:169: trailing whitespace.
+            if streak >= 5:
First_Phase/scene_demo/finish_v1/control.py:170: trailing whitespace.
+                break
First_Phase/scene_demo/finish_v1/control.py:171: trailing whitespace.
+        if streak < 5:
First_Phase/scene_demo/finish_v1/control.py:172: trailing whitespace.
+            r['reason'] = 'home not ready'
First_Phase/scene_demo/finish_v1/control.py:173: trailing whitespace.
+            return r
First_Phase/scene_demo/finish_v1/control.py:174: trailing whitespace.
+
First_Phase/scene_demo/finish_v1/control.py:175: trailing whitespace.
+        v, d = verify()
First_Phase/scene_demo/finish_v1/control.py:176: trailing whitespace.
+        if d['state'] == 'complete':
First_Phase/scene_demo/finish_v1/control.py:177: trailing whitespace.
+            r['ready'] = True
First_Phase/scene_demo/finish_v1/control.py:178: trailing whitespace.
+            r['ok'] = True
First_Phase/scene_demo/finish_v1/control.py:179: trailing whitespace.
+            r['reason'] = 'complete'
First_Phase/scene_demo/finish_v1/control.py:180: trailing whitespace.
+        else:
First_Phase/scene_demo/finish_v1/control.py:181: trailing whitespace.
+            r['reason'] = 'final visual failed'
First_Phase/scene_demo/finish_v1/control.py:182: trailing whitespace.
+        return r
First_Phase/scene_demo/finish_v1/control.py:183: trailing whitespace.
+
First_Phase/scene_demo/finish_v1/control.py:184: trailing whitespace.
+    except Exception as exc:
First_Phase/scene_demo/finish_v1/control.py:185: trailing whitespace.
+        r['reason'] = 'exception:' + str(exc)
First_Phase/scene_demo/finish_v1/control.py:186: trailing whitespace.
+        return r
First_Phase/scene_demo/finish_v1/control.py:187: trailing whitespace.
+    finally:
First_Phase/scene_demo/finish_v1/control.py:188: trailing whitespace.
+        port.close()
First_Phase/scene_demo/finish_v1/control.py:189: trailing whitespace.
+        r['restored'] = True
First_Phase/scene_demo/finish_v1/geometry.py:1: trailing whitespace.
+import numpy as np
First_Phase/scene_demo/finish_v1/geometry.py:2: trailing whitespace.
+from scipy.spatial import cKDTree
First_Phase/scene_demo/finish_v1/geometry.py:3: trailing whitespace.
+
First_Phase/scene_demo/finish_v1/geometry.py:4: trailing whitespace.
+
First_Phase/scene_demo/finish_v1/geometry.py:5: trailing whitespace.
+def clouds(frames):
First_Phase/scene_demo/finish_v1/geometry.py:6: trailing whitespace.
+    out = []
First_Phase/scene_demo/finish_v1/geometry.py:7: trailing whitespace.
+    if not isinstance(frames, (list, tuple)):
First_Phase/scene_demo/finish_v1/geometry.py:8: trailing whitespace.
+        return np.zeros((0, 3), dtype=float)
First_Phase/scene_demo/finish_v1/geometry.py:9: trailing whitespace.
+    for frame in frames:
First_Phase/scene_demo/finish_v1/geometry.py:10: trailing whitespace.
+        try:
First_Phase/scene_demo/finish_v1/geometry.py:11: trailing whitespace.
+            depth_path = frame["depth_path"]
First_Phase/scene_demo/finish_v1/geometry.py:12: trailing whitespace.
+            K = np.asarray(frame["K"], dtype=float)
First_Phase/scene_demo/finish_v1/geometry.py:13: trailing whitespace.
+            T = np.asarray(frame["T_world_camera"], dtype=float)
First_Phase/scene_demo/finish_v1/geometry.py:14: trailing whitespace.
+        except Exception:
First_Phase/scene_demo/finish_v1/geometry.py:15: trailing whitespace.
+            continue
First_Phase/scene_demo/finish_v1/geometry.py:16: trailing whitespace.
+        if K.shape != (3, 3) or T.shape != (4, 4):
First_Phase/scene_demo/finish_v1/geometry.py:17: trailing whitespace.
+            continue
First_Phase/scene_demo/finish_v1/geometry.py:18: trailing whitespace.
+        if not np.all(np.isfinite(K)) or not np.all(np.isfinite(T)):
First_Phase/scene_demo/finish_v1/geometry.py:19: trailing whitespace.
+            continue
First_Phase/scene_demo/finish_v1/geometry.py:20: trailing whitespace.
+        try:
First_Phase/scene_demo/finish_v1/geometry.py:21: trailing whitespace.
+            depth = np.load(depth_path)
First_Phase/scene_demo/finish_v1/geometry.py:22: trailing whitespace.
+        except Exception:
First_Phase/scene_demo/finish_v1/geometry.py:23: trailing whitespace.
+            continue
First_Phase/scene_demo/finish_v1/geometry.py:24: trailing whitespace.
+        depth = np.asarray(depth, dtype=float)
First_Phase/scene_demo/finish_v1/geometry.py:25: trailing whitespace.
+        if depth.ndim != 2:
First_Phase/scene_demo/finish_v1/geometry.py:26: trailing whitespace.
+            continue
First_Phase/scene_demo/finish_v1/geometry.py:27: trailing whitespace.
+        H, W = depth.shape
First_Phase/scene_demo/finish_v1/geometry.py:28: trailing whitespace.
+        if H == 0 or W == 0:
First_Phase/scene_demo/finish_v1/geometry.py:29: trailing whitespace.
+            continue
First_Phase/scene_demo/finish_v1/geometry.py:30: trailing whitespace.
+        us = np.arange(0, W, 4)
First_Phase/scene_demo/finish_v1/geometry.py:31: trailing whitespace.
+        vs = np.arange(0, H, 4)
First_Phase/scene_demo/finish_v1/geometry.py:32: trailing whitespace.
+        if us.size == 0 or vs.size == 0:
First_Phase/scene_demo/finish_v1/geometry.py:33: trailing whitespace.
+            continue
First_Phase/scene_demo/finish_v1/geometry.py:34: trailing whitespace.
+        uu, vv = np.meshgrid(us, vs)
First_Phase/scene_demo/finish_v1/geometry.py:35: trailing whitespace.
+        z = depth[vv, uu]
First_Phase/scene_demo/finish_v1/geometry.py:36: trailing whitespace.
+        mask = np.isfinite(z) & (z > 0.1) & (z < 2.0)
First_Phase/scene_demo/finish_v1/geometry.py:37: trailing whitespace.
+        if not np.any(mask):
First_Phase/scene_demo/finish_v1/geometry.py:38: trailing whitespace.
+            continue
First_Phase/scene_demo/finish_v1/geometry.py:39: trailing whitespace.
+        u_flat = uu[mask].astype(float)
First_Phase/scene_demo/finish_v1/geometry.py:40: trailing whitespace.
+        v_flat = vv[mask].astype(float)
First_Phase/scene_demo/finish_v1/geometry.py:41: trailing whitespace.
+        z_flat = z[mask]
First_Phase/scene_demo/finish_v1/geometry.py:42: trailing whitespace.
+        pix = np.stack([u_flat, v_flat, np.ones_like(u_flat)], axis=1)
First_Phase/scene_demo/finish_v1/geometry.py:43: trailing whitespace.
+        try:
First_Phase/scene_demo/finish_v1/geometry.py:44: trailing whitespace.
+            Kinv = np.linalg.inv(K)
First_Phase/scene_demo/finish_v1/geometry.py:45: trailing whitespace.
+        except Exception:
First_Phase/scene_demo/finish_v1/geometry.py:46: trailing whitespace.
+            continue
First_Phase/scene_demo/finish_v1/geometry.py:47: trailing whitespace.
+        cam = (pix @ Kinv.T) * z_flat[:, None]
First_Phase/scene_demo/finish_v1/geometry.py:48: trailing whitespace.
+        R = T[:3, :3]
First_Phase/scene_demo/finish_v1/geometry.py:49: trailing whitespace.
+        t = T[:3, 3]
First_Phase/scene_demo/finish_v1/geometry.py:50: trailing whitespace.
+        world = cam @ R.T + t
First_Phase/scene_demo/finish_v1/geometry.py:51: trailing whitespace.
+        out.append(world)
First_Phase/scene_demo/finish_v1/geometry.py:52: trailing whitespace.
+    if not out:
First_Phase/scene_demo/finish_v1/geometry.py:53: trailing whitespace.
+        return np.zeros((0, 3), dtype=float)
First_Phase/scene_demo/finish_v1/geometry.py:54: trailing whitespace.
+    pts = np.concatenate(out, axis=0)
First_Phase/scene_demo/finish_v1/geometry.py:55: trailing whitespace.
+    return np.ascontiguousarray(pts, dtype=float)
First_Phase/scene_demo/finish_v1/geometry.py:56: trailing whitespace.
+
First_Phase/scene_demo/finish_v1/geometry.py:57: trailing whitespace.
+
First_Phase/scene_demo/finish_v1/geometry.py:58: trailing whitespace.
+def _sphere_fields(s):
First_Phase/scene_demo/finish_v1/geometry.py:59: trailing whitespace.
+    try:
First_Phase/scene_demo/finish_v1/geometry.py:60: trailing whitespace.
+        sid = s["id"]
First_Phase/scene_demo/finish_v1/geometry.py:61: trailing whitespace.
+        c = np.asarray(s["center"], dtype=float)
First_Phase/scene_demo/finish_v1/geometry.py:62: trailing whitespace.
+        r = float(s["radius"])
First_Phase/scene_demo/finish_v1/geometry.py:63: trailing whitespace.
+        hand = bool(s["hand"])
First_Phase/scene_demo/finish_v1/geometry.py:64: trailing whitespace.
+    except Exception:
First_Phase/scene_demo/finish_v1/geometry.py:65: trailing whitespace.
+        return None
First_Phase/scene_demo/finish_v1/geometry.py:66: trailing whitespace.
+    if c.shape != (3,) or not np.all(np.isfinite(c)):
First_Phase/scene_demo/finish_v1/geometry.py:67: trailing whitespace.
+        return None
First_Phase/scene_demo/finish_v1/geometry.py:68: trailing whitespace.
+    if not np.isfinite(r) or r <= 0:
First_Phase/scene_demo/finish_v1/geometry.py:69: trailing whitespace.
+        return None
First_Phase/scene_demo/finish_v1/geometry.py:70: trailing whitespace.
+    return sid, c, r, hand
First_Phase/scene_demo/finish_v1/geometry.py:71: trailing whitespace.
+
First_Phase/scene_demo/finish_v1/geometry.py:72: trailing whitespace.
+
First_Phase/scene_demo/finish_v1/geometry.py:73: trailing whitespace.
+def screen(points, spheres_start, spheres_path, margin=0.01):
First_Phase/scene_demo/finish_v1/geometry.py:74: trailing whitespace.
+    blocked = {
First_Phase/scene_demo/finish_v1/geometry.py:75: trailing whitespace.
+        "ok": False,
First_Phase/scene_demo/finish_v1/geometry.py:76: trailing whitespace.
+        "reason": "blocked",
First_Phase/scene_demo/finish_v1/geometry.py:77: trailing whitespace.
+        "min_distance": 0.0,
First_Phase/scene_demo/finish_v1/geometry.py:78: trailing whitespace.
+        "endpoint_hand_clear": False,
First_Phase/scene_demo/finish_v1/geometry.py:79: trailing whitespace.
+        "limitation": "visible geometry only",
First_Phase/scene_demo/finish_v1/geometry.py:80: trailing whitespace.
+    }
First_Phase/scene_demo/finish_v1/geometry.py:81: trailing whitespace.
+    try:
First_Phase/scene_demo/finish_v1/geometry.py:82: trailing whitespace.
+        P = np.asarray(points, dtype=float)
First_Phase/scene_demo/finish_v1/geometry.py:83: trailing whitespace.
+    except Exception:
First_Phase/scene_demo/finish_v1/geometry.py:84: trailing whitespace.
+        return dict(blocked, reason="invalid_points")
First_Phase/scene_demo/finish_v1/geometry.py:85: trailing whitespace.
+    if P.ndim != 2 or P.shape[1] != 3 or P.shape[0] == 0:
First_Phase/scene_demo/finish_v1/geometry.py:86: trailing whitespace.
+        return dict(blocked, reason="invalid_points")
First_Phase/scene_demo/finish_v1/geometry.py:87: trailing whitespace.
+    if not np.all(np.isfinite(P)):
First_Phase/scene_demo/finish_v1/geometry.py:88: trailing whitespace.
+        return dict(blocked, reason="nonfinite_points")
First_Phase/scene_demo/finish_v1/geometry.py:89: trailing whitespace.
+    if not isinstance(spheres_start, (list, tuple)) or len(spheres_start) == 0:
First_Phase/scene_demo/finish_v1/geometry.py:90: trailing whitespace.
+        return dict(blocked, reason="invalid_start")
First_Phase/scene_demo/finish_v1/geometry.py:91: trailing whitespace.
+    if not isinstance(spheres_path, (list, tuple)) or len(spheres_path) == 0:
First_Phase/scene_demo/finish_v1/geometry.py:92: trailing whitespace.
+        return dict(blocked, reason="invalid_path")
First_Phase/scene_demo/finish_v1/geometry.py:93: trailing whitespace.
+    starts = []
First_Phase/scene_demo/finish_v1/geometry.py:94: trailing whitespace.
+    for s in spheres_start:
First_Phase/scene_demo/finish_v1/geometry.py:95: trailing whitespace.
+        f = _sphere_fields(s)
First_Phase/scene_demo/finish_v1/geometry.py:96: trailing whitespace.
+        if f is None:
First_Phase/scene_demo/finish_v1/geometry.py:97: trailing whitespace.
+            return dict(blocked, reason="invalid_start_sphere")
First_Phase/scene_demo/finish_v1/geometry.py:98: trailing whitespace.
+        starts.append(f)
First_Phase/scene_demo/finish_v1/geometry.py:99: trailing whitespace.
+    ids = [f[0] for f in starts]
First_Phase/scene_demo/finish_v1/geometry.py:100: trailing whitespace.
+    poses = []
First_Phase/scene_demo/finish_v1/geometry.py:101: trailing whitespace.
+    for pose in spheres_path:
First_Phase/scene_demo/finish_v1/geometry.py:102: trailing whitespace.
+        if not isinstance(pose, (list, tuple)) or len(pose) != len(starts):
First_Phase/scene_demo/finish_v1/geometry.py:103: trailing whitespace.
+            return dict(blocked, reason="pose_mismatch")
First_Phase/scene_demo/finish_v1/geometry.py:104: trailing whitespace.
+        row = []
First_Phase/scene_demo/finish_v1/geometry.py:105: trailing whitespace.
+        for i, s in enumerate(pose):
First_Phase/scene_demo/finish_v1/geometry.py:106: trailing whitespace.
+            f = _sphere_fields(s)
First_Phase/scene_demo/finish_v1/geometry.py:107: trailing whitespace.
+            if f is None:
First_Phase/scene_demo/finish_v1/geometry.py:108: trailing whitespace.
+                return dict(blocked, reason="invalid_path_sphere")
First_Phase/scene_demo/finish_v1/geometry.py:109: trailing whitespace.
+            if f[0] != ids[i]:
First_Phase/scene_demo/finish_v1/geometry.py:110: trailing whitespace.
+                return dict(blocked, reason="id_order_mismatch")
First_Phase/scene_demo/finish_v1/geometry.py:111: trailing whitespace.
+            row.append(f)
First_Phase/scene_demo/finish_v1/geometry.py:112: trailing whitespace.
+        if not any(f[3] for f in row):
First_Phase/scene_demo/finish_v1/geometry.py:113: trailing whitespace.
+            return dict(blocked, reason="pose_no_hand")
First_Phase/scene_demo/finish_v1/geometry.py:114: trailing whitespace.
+        poses.append(row)
First_Phase/scene_demo/finish_v1/geometry.py:115: trailing whitespace.
+    if not any(f[3] for f in starts):
First_Phase/scene_demo/finish_v1/geometry.py:116: trailing whitespace.
+        return dict(blocked, reason="start_no_hand")
First_Phase/scene_demo/finish_v1/geometry.py:117: trailing whitespace.
+    remaining = P
First_Phase/scene_demo/finish_v1/geometry.py:118: trailing whitespace.
+    for (_, c, r, _) in starts:
First_Phase/scene_demo/finish_v1/geometry.py:119: trailing whitespace.
+        d = np.linalg.norm(remaining - c, axis=1)
First_Phase/scene_demo/finish_v1/geometry.py:120: trailing whitespace.
+        keep = d > (r + 0.002)
First_Phase/scene_demo/finish_v1/geometry.py:121: trailing whitespace.
+        remaining = remaining[keep]
First_Phase/scene_demo/finish_v1/geometry.py:122: trailing whitespace.
+        if remaining.shape[0] == 0:
First_Phase/scene_demo/finish_v1/geometry.py:123: trailing whitespace.
+            return dict(blocked, reason="no_remaining")
First_Phase/scene_demo/finish_v1/geometry.py:124: trailing whitespace.
+    if remaining.shape[0] == 0:
First_Phase/scene_demo/finish_v1/geometry.py:125: trailing whitespace.
+        return dict(blocked, reason="no_remaining")
First_Phase/scene_demo/finish_v1/geometry.py:126: trailing whitespace.
+    tree = cKDTree(remaining)
First_Phase/scene_demo/finish_v1/geometry.py:127: trailing whitespace.
+    def dist(center):
First_Phase/scene_demo/finish_v1/geometry.py:128: trailing whitespace.
+        d, _ = tree.query(center, k=1)
First_Phase/scene_demo/finish_v1/geometry.py:129: trailing whitespace.
+        return float(d)
First_Phase/scene_demo/finish_v1/geometry.py:130: trailing whitespace.
+    n_s = len(starts)
First_Phase/scene_demo/finish_v1/geometry.py:131: trailing whitespace.
+    init_d = np.full(n_s, np.inf)
First_Phase/scene_demo/finish_v1/geometry.py:132: trailing whitespace.
+    for i in range(n_s):
First_Phase/scene_demo/finish_v1/geometry.py:133: trailing whitespace.
+        _, c, r, _ = starts[i]
First_Phase/scene_demo/finish_v1/geometry.py:134: trailing whitespace.
+        init_d[i] = dist(c) - r
First_Phase/scene_demo/finish_v1/geometry.py:135: trailing whitespace.
+    min_dist = float(np.min(init_d))
First_Phase/scene_demo/finish_v1/geometry.py:136: trailing whitespace.
+    all_poses = [starts] + poses
First_Phase/scene_demo/finish_v1/geometry.py:137: trailing whitespace.
+    for pi, pose in enumerate(poses):
First_Phase/scene_demo/finish_v1/geometry.py:138: trailing whitespace.
+        prev = starts if pi == 0 else poses[pi - 1]
First_Phase/scene_demo/finish_v1/geometry.py:139: trailing whitespace.
+        for i in range(n_s):
First_Phase/scene_demo/finish_v1/geometry.py:140: trailing whitespace.
+            _, c, r, _ = pose[i]
First_Phase/scene_demo/finish_v1/geometry.py:141: trailing whitespace.
+            d = dist(c) - r
First_Phase/scene_demo/finish_v1/geometry.py:142: trailing whitespace.
+            if d < min_dist:
First_Phase/scene_demo/finish_v1/geometry.py:143: trailing whitespace.
+                min_dist = d
First_Phase/scene_demo/finish_v1/geometry.py:144: trailing whitespace.
+            if init_d[i] < margin:
First_Phase/scene_demo/finish_v1/geometry.py:145: trailing whitespace.
+                _, pc, _, _ = prev[i]
First_Phase/scene_demo/finish_v1/geometry.py:146: trailing whitespace.
+                pd = dist(pc) - prev[i][2]
First_Phase/scene_demo/finish_v1/geometry.py:147: trailing whitespace.
+                if not (d >= pd - 0.001):
First_Phase/scene_demo/finish_v1/geometry.py:148: trailing whitespace.
+                    return dict(blocked, reason="approach_violation", min_distance=min_dist)
First_Phase/scene_demo/finish_v1/geometry.py:149: trailing whitespace.
+            else:
First_Phase/scene_demo/finish_v1/geometry.py:150: trailing whitespace.
+                if d < margin:
First_Phase/scene_demo/finish_v1/geometry.py:151: trailing whitespace.
+                    return dict(blocked, reason="path_margin_violation", min_distance=min_dist)
First_Phase/scene_demo/finish_v1/geometry.py:152: trailing whitespace.
+    endpoint_clear = True
First_Phase/scene_demo/finish_v1/geometry.py:153: trailing whitespace.
+    final = poses[-1]
First_Phase/scene_demo/finish_v1/geometry.py:154: trailing whitespace.
+    for i in range(n_s):
First_Phase/scene_demo/finish_v1/geometry.py:155: trailing whitespace.
+        _, c, r, hand = final[i]
First_Phase/scene_demo/finish_v1/geometry.py:156: trailing whitespace.
+        if hand:
First_Phase/scene_demo/finish_v1/geometry.py:157: trailing whitespace.
+            if (dist(c) - r) < margin:
First_Phase/scene_demo/finish_v1/geometry.py:158: trailing whitespace.
+                endpoint_clear = False
First_Phase/scene_demo/finish_v1/geometry.py:159: trailing whitespace.
+    ok = bool(endpoint_clear)
First_Phase/scene_demo/finish_v1/geometry.py:160: trailing whitespace.
+    return {
First_Phase/scene_demo/finish_v1/geometry.py:161: trailing whitespace.
+        "ok": ok,
First_Phase/scene_demo/finish_v1/geometry.py:162: trailing whitespace.
+        "reason": "clear" if ok else "endpoint_hand_clear_fail",
First_Phase/scene_demo/finish_v1/geometry.py:163: trailing whitespace.
+        "min_distance": min_dist,
First_Phase/scene_demo/finish_v1/geometry.py:164: trailing whitespace.
+        "endpoint_hand_clear": endpoint_clear,
First_Phase/scene_demo/finish_v1/geometry.py:165: trailing whitespace.
+        "limitation": "visible geometry only",
First_Phase/scene_demo/finish_v1/geometry.py:166: trailing whitespace.
+    }
First_Phase/scene_demo/finish_v1/geometry.py:167: trailing whitespace.
+
First_Phase/scene_demo/finish_v1/geometry.py:168: trailing whitespace.
+def plan_retreat(port, observation, verdict):
First_Phase/scene_demo/finish_v1/geometry.py:169: trailing whitespace.
+    q0 = np.asarray(observation['robot']['arm_qpos'], float)
First_Phase/scene_demo/finish_v1/geometry.py:170: trailing whitespace.
+    eef = np.asarray(observation['eef_position'], float)
First_Phase/scene_demo/finish_v1/geometry.py:171: trailing whitespace.
+    R = np.asarray(observation['eef_rotation'], float)
First_Phase/scene_demo/finish_v1/geometry.py:172: trailing whitespace.
+    if q0.shape != (7,) or eef.shape != (3,) or R.shape != (3, 3):
First_Phase/scene_demo/finish_v1/geometry.py:173: trailing whitespace.
+        return {'ok': False, 'reason': 'invalid input shapes', 'waypoints': [], 'candidate_reports': [], 'sensor_screen': None}
First_Phase/scene_demo/finish_v1/geometry.py:174: trailing whitespace.
+    if not np.all(np.isfinite(q0)) or not np.all(np.isfinite(eef)) or not np.all(np.isfinite(R)):
First_Phase/scene_demo/finish_v1/geometry.py:175: trailing whitespace.
+        return {'ok': False, 'reason': 'non-finite input', 'waypoints': [], 'candidate_reports': [], 'sensor_screen': None}
First_Phase/scene_demo/finish_v1/geometry.py:176: trailing whitespace.
+    points = clouds(observation['frames'])
First_Phase/scene_demo/finish_v1/geometry.py:177: trailing whitespace.
+    reports = []
First_Phase/scene_demo/finish_v1/geometry.py:178: trailing whitespace.
+    fail = {'ok': False, 'reason': 'no sensor-safe route', 'waypoints': [], 'candidate_reports': reports, 'sensor_screen': None}
First_Phase/scene_demo/finish_v1/geometry.py:179: trailing whitespace.
+    if len(points) == 0:
First_Phase/scene_demo/finish_v1/geometry.py:180: trailing whitespace.
+        return fail
First_Phase/scene_demo/finish_v1/geometry.py:181: trailing whitespace.
+    target = None
First_Phase/scene_demo/finish_v1/geometry.py:182: trailing whitespace.
+    for fr in observation['frames']:
First_Phase/scene_demo/finish_v1/geometry.py:183: trailing whitespace.
+        view = fr['view']
First_Phase/scene_demo/finish_v1/geometry.py:184: trailing whitespace.
+        box = verdict['boxes'].get(view, {}).get('target')
First_Phase/scene_demo/finish_v1/geometry.py:185: trailing whitespace.
+        if box is None and view == 'robot0_eye_in_hand':
First_Phase/scene_demo/finish_v1/geometry.py:186: trailing whitespace.
+            box = verdict['boxes'].get('wrist', {}).get('target')
First_Phase/scene_demo/finish_v1/geometry.py:187: trailing whitespace.
+        if box is not None:
First_Phase/scene_demo/finish_v1/geometry.py:188: trailing whitespace.
+            depth = np.load(fr['depth_path'])
First_Phase/scene_demo/finish_v1/geometry.py:189: trailing whitespace.
+            H, W = depth.shape
First_Phase/scene_demo/finish_v1/geometry.py:190: trailing whitespace.
+            x0, y0, x1, y1 = box
First_Phase/scene_demo/finish_v1/geometry.py:191: trailing whitespace.
+            x0, y0, x1, y1 = x0 * W, y0 * H, x1 * W, y1 * H
First_Phase/scene_demo/finish_v1/geometry.py:192: trailing whitespace.
+            xlo = int((3 * x0 + x1) / 4)
First_Phase/scene_demo/finish_v1/geometry.py:193: trailing whitespace.
+            xhi = int((x0 + 3 * x1) / 4)
First_Phase/scene_demo/finish_v1/geometry.py:194: trailing whitespace.
+            ylo = int((3 * y0 + y1) / 4)
First_Phase/scene_demo/finish_v1/geometry.py:195: trailing whitespace.
+            yhi = int((y0 + 3 * y1) / 4)
First_Phase/scene_demo/finish_v1/geometry.py:196: trailing whitespace.
+            xlo = max(0, min(xlo, W))
First_Phase/scene_demo/finish_v1/geometry.py:197: trailing whitespace.
+            xhi = max(0, min(xhi, W))
First_Phase/scene_demo/finish_v1/geometry.py:198: trailing whitespace.
+            ylo = max(0, min(ylo, H))
First_Phase/scene_demo/finish_v1/geometry.py:199: trailing whitespace.
+            yhi = max(0, min(yhi, H))
First_Phase/scene_demo/finish_v1/geometry.py:200: trailing whitespace.
+            roi = depth[ylo:yhi, xlo:xhi]
First_Phase/scene_demo/finish_v1/geometry.py:201: trailing whitespace.
+            valid = roi[np.isfinite(roi) & (roi >= 0.1) & (roi <= 2.0)]
First_Phase/scene_demo/finish_v1/geometry.py:202: trailing whitespace.
+            if len(valid) >= 8:
First_Phase/scene_demo/finish_v1/geometry.py:203: trailing whitespace.
+                z = np.median(valid)
First_Phase/scene_demo/finish_v1/geometry.py:204: trailing whitespace.
+                cx = (x0 + x1) / 2.0
First_Phase/scene_demo/finish_v1/geometry.py:205: trailing whitespace.
+                cy = (y0 + y1) / 2.0
First_Phase/scene_demo/finish_v1/geometry.py:206: trailing whitespace.
+                pixel = np.array([cx, cy, 1.0])
First_Phase/scene_demo/finish_v1/geometry.py:207: trailing whitespace.
+                fr_T = np.asarray(fr['T_world_camera'], float)
First_Phase/scene_demo/finish_v1/geometry.py:208: trailing whitespace.
+                fr_K = np.asarray(fr['K'], float)
First_Phase/scene_demo/finish_v1/geometry.py:209: trailing whitespace.
+                campoint = np.linalg.inv(fr_K) @ (pixel * z)
First_Phase/scene_demo/finish_v1/geometry.py:210: trailing whitespace.
+                worldpoint = fr_T[:3, :3] @ campoint + fr_T[:3, 3]
First_Phase/scene_demo/finish_v1/geometry.py:211: trailing whitespace.
+                target = worldpoint
First_Phase/scene_demo/finish_v1/geometry.py:212: trailing whitespace.
+                break
First_Phase/scene_demo/finish_v1/geometry.py:213: trailing whitespace.
+    directions = [np.array([0.0, 0.0, 1.0])]
First_Phase/scene_demo/finish_v1/geometry.py:214: trailing whitespace.
+    if target is not None:
First_Phase/scene_demo/finish_v1/geometry.py:215: trailing whitespace.
+        away = eef - target
First_Phase/scene_demo/finish_v1/geometry.py:216: trailing whitespace.
+        away[2] = 0.0
First_Phase/scene_demo/finish_v1/geometry.py:217: trailing whitespace.
+        if np.linalg.norm(away) > 1e-9:
First_Phase/scene_demo/finish_v1/geometry.py:218: trailing whitespace.
+            away = away / np.linalg.norm(away)
First_Phase/scene_demo/finish_v1/geometry.py:219: trailing whitespace.
+            directions.extend([away, (away + np.array([0.0, 0.0, 1.0])) / np.linalg.norm(away + np.array([0.0, 0.0, 1.0]))])
First_Phase/scene_demo/finish_v1/geometry.py:220: trailing whitespace.
+        else:
First_Phase/scene_demo/finish_v1/geometry.py:221: trailing whitespace.
+            directions.append(np.array([0.0, 0.0, 1.0]))
First_Phase/scene_demo/finish_v1/geometry.py:222: trailing whitespace.
+    start = port.robot_spheres(q0)
First_Phase/scene_demo/finish_v1/geometry.py:223: trailing whitespace.
+    for dist in (0.02, 0.04, 0.06):
First_Phase/scene_demo/finish_v1/geometry.py:224: trailing whitespace.
+        for direction in directions:
First_Phase/scene_demo/finish_v1/geometry.py:225: trailing whitespace.
+            qs = [q0]
First_Phase/scene_demo/finish_v1/geometry.py:226: trailing whitespace.
+            valid_candidate = True
First_Phase/scene_demo/finish_v1/geometry.py:227: trailing whitespace.
+            steps = np.linspace(0, dist, int(np.ceil(dist / 0.002)) + 1)[1:]
First_Phase/scene_demo/finish_v1/geometry.py:228: trailing whitespace.
+            for alpha in steps:
First_Phase/scene_demo/finish_v1/geometry.py:229: trailing whitespace.
+                pos = eef + direction * alpha
First_Phase/scene_demo/finish_v1/geometry.py:230: trailing whitespace.
+                q = port.ik(pos, R, qs[-1])
First_Phase/scene_demo/finish_v1/geometry.py:231: trailing whitespace.
+                if q is None or np.asarray(q).shape != (7,) or not np.all(np.isfinite(q)):
First_Phase/scene_demo/finish_v1/geometry.py:232: trailing whitespace.
+                    valid_candidate = False
First_Phase/scene_demo/finish_v1/geometry.py:233: trailing whitespace.
+                    break
First_Phase/scene_demo/finish_v1/geometry.py:234: trailing whitespace.
+                qs.append(q)
First_Phase/scene_demo/finish_v1/geometry.py:235: trailing whitespace.
+            if not valid_candidate:
First_Phase/scene_demo/finish_v1/geometry.py:236: trailing whitespace.
+                continue
First_Phase/scene_demo/finish_v1/geometry.py:237: trailing whitespace.
+            poses = []
First_Phase/scene_demo/finish_v1/geometry.py:238: trailing whitespace.
+            for i in range(len(qs) - 1):
First_Phase/scene_demo/finish_v1/geometry.py:239: trailing whitespace.
+                qa, qb = qs[i], qs[i + 1]
First_Phase/scene_demo/finish_v1/geometry.py:240: trailing whitespace.
+                n = max(1, int(np.ceil(np.max(np.abs(np.asarray(qb) - np.asarray(qa))) / 0.003)))
First_Phase/scene_demo/finish_v1/geometry.py:241: trailing whitespace.
+                for a in np.linspace(0, 1, n + 1)[1:]:
First_Phase/scene_demo/finish_v1/geometry.py:242: trailing whitespace.
+                    q_interp = np.asarray(qa) + (np.asarray(qb) - np.asarray(qa)) * a
First_Phase/scene_demo/finish_v1/geometry.py:243: trailing whitespace.
+                    poses.append(port.robot_spheres(q_interp))
First_Phase/scene_demo/finish_v1/geometry.py:244: trailing whitespace.
+            scr = screen(points, start, poses)
First_Phase/scene_demo/finish_v1/geometry.py:245: trailing whitespace.
+            reports.append({'direction': direction.tolist(), 'distance': dist, 'reason': scr['reason']})
First_Phase/scene_demo/finish_v1/geometry.py:246: trailing whitespace.
+            if scr['ok']:
First_Phase/scene_demo/finish_v1/geometry.py:247: trailing whitespace.
+                return {'ok': True, 'reason': 'ok', 'waypoints': [q.tolist() for q in qs], 'candidate_reports': reports, 'sensor_screen': scr}
First_Phase/scene_demo/finish_v1/geometry.py:248: trailing whitespace.
+    return fail
First_Phase/scene_demo/finish_v1/tests/test_pilot.py:1: trailing whitespace.
+"""Pure unit tests for improve_001 pilot runner helpers."""
First_Phase/scene_demo/finish_v1/tests/test_pilot.py:2: trailing whitespace.
+import importlib.util
First_Phase/scene_demo/finish_v1/tests/test_pilot.py:3: trailing whitespace.
+import json
First_Phase/scene_demo/finish_v1/tests/test_pilot.py:4: trailing whitespace.
+import sys
First_Phase/scene_demo/finish_v1/tests/test_pilot.py:5: trailing whitespace.
+import tempfile
First_Phase/scene_demo/finish_v1/tests/test_pilot.py:6: trailing whitespace.
+import unittest
First_Phase/scene_demo/finish_v1/tests/test_pilot.py:7: trailing whitespace.
+from pathlib import Path
First_Phase/scene_demo/finish_v1/tests/test_pilot.py:8: trailing whitespace.
+
First_Phase/scene_demo/finish_v1/tests/test_pilot.py:9: trailing whitespace.
+
First_Phase/scene_demo/finish_v1/tests/test_pilot.py:10: trailing whitespace.
+def load_pilot_module():
First_Phase/scene_demo/finish_v1/tests/test_pilot.py:11: trailing whitespace.
+    """Load pilot.py from the expected source path without executing heavy imports."""
First_Phase/scene_demo/finish_v1/tests/test_pilot.py:12: trailing whitespace.
+    # The source path relative to this test file: First_Phase/scene_demo/finish_v1/pilot.py
First_Phase/scene_demo/finish_v1/tests/test_pilot.py:13: trailing whitespace.
+    candidate = Path(__file__).resolve().parents[1] / "pilot.py"
First_Phase/scene_demo/finish_v1/tests/test_pilot.py:14: trailing whitespace.
+    spec = importlib.util.spec_from_file_location("pilot_under_test", candidate)
First_Phase/scene_demo/finish_v1/tests/test_pilot.py:15: trailing whitespace.
+    mod = importlib.util.module_from_spec(spec)
First_Phase/scene_demo/finish_v1/tests/test_pilot.py:16: trailing whitespace.
+    sys.modules["pilot_under_test"] = mod
First_Phase/scene_demo/finish_v1/tests/test_pilot.py:17: trailing whitespace.
+    spec.loader.exec_module(mod)
First_Phase/scene_demo/finish_v1/tests/test_pilot.py:18: trailing whitespace.
+    return mod
First_Phase/scene_demo/finish_v1/tests/test_pilot.py:19: trailing whitespace.
+
First_Phase/scene_demo/finish_v1/tests/test_pilot.py:20: trailing whitespace.
+
First_Phase/scene_demo/finish_v1/tests/test_pilot.py:21: trailing whitespace.
+class TestPureHelpers(unittest.TestCase):
First_Phase/scene_demo/finish_v1/tests/test_pilot.py:22: trailing whitespace.
+    """Actual DeepSeek PRO tests, with GPT-directed mechanical corrections."""
First_Phase/scene_demo/finish_v1/tests/test_pilot.py:23: trailing whitespace.
+    @classmethod
First_Phase/scene_demo/finish_v1/tests/test_pilot.py:24: trailing whitespace.
+    def setUpClass(cls):
First_Phase/scene_demo/finish_v1/tests/test_pilot.py:25: trailing whitespace.
+        cls.mod = load_pilot_module()
First_Phase/scene_demo/finish_v1/tests/test_pilot.py:26: trailing whitespace.
+
First_Phase/scene_demo/finish_v1/tests/test_pilot.py:27: trailing whitespace.
+    def test_validate_context_origin_ok(self):
First_Phase/scene_demo/finish_v1/tests/test_pilot.py:28: trailing whitespace.
+        self.mod.validate_context_origin({"context_origin": "fixed_historical_subtask_fixture"})
First_Phase/scene_demo/finish_v1/tests/test_pilot.py:29: trailing whitespace.
+
First_Phase/scene_demo/finish_v1/tests/test_pilot.py:30: trailing whitespace.
+    def test_validate_context_origin_bad(self):
First_Phase/scene_demo/finish_v1/tests/test_pilot.py:31: trailing whitespace.
+        with self.assertRaises(RuntimeError):
First_Phase/scene_demo/finish_v1/tests/test_pilot.py:32: trailing whitespace.
+            self.mod.validate_context_origin({"context_origin": "something_else"})
First_Phase/scene_demo/finish_v1/tests/test_pilot.py:33: trailing whitespace.
+        with self.assertRaises(RuntimeError):
First_Phase/scene_demo/finish_v1/tests/test_pilot.py:34: trailing whitespace.
+            self.mod.validate_context_origin({})
First_Phase/scene_demo/finish_v1/tests/test_pilot.py:35: trailing whitespace.
+
First_Phase/scene_demo/finish_v1/tests/test_pilot.py:36: trailing whitespace.
+    def test_sensor_frames_list_orders_and_sets_frame(self):
First_Phase/scene_demo/finish_v1/tests/test_pilot.py:37: trailing whitespace.
+        caps = [
First_Phase/scene_demo/finish_v1/tests/test_pilot.py:38: trailing whitespace.
+            {"timestamp": 3.0, "frames": [{"view": "wrist"}, {"view": "agentview"}]},
First_Phase/scene_demo/finish_v1/tests/test_pilot.py:39: trailing whitespace.
+            {"timestamp": 1.0, "frames": [{"view": "agentview"}]},
First_Phase/scene_demo/finish_v1/tests/test_pilot.py:40: trailing whitespace.
+        ]
First_Phase/scene_demo/finish_v1/tests/test_pilot.py:41: trailing whitespace.
+        rows = self.mod.sensor_frames_list(caps, existing_frames=[])
First_Phase/scene_demo/finish_v1/tests/test_pilot.py:42: trailing whitespace.
+        self.assertEqual([r["timestamp"] for r in rows], [1.0, 3.0, 3.0])
First_Phase/scene_demo/finish_v1/tests/test_pilot.py:43: trailing whitespace.
+        self.assertEqual([r["frame"] for r in rows], [0, 1, 2])
First_Phase/scene_demo/finish_v1/tests/test_pilot.py:44: trailing whitespace.
+        self.assertTrue(all("view" in r for r in rows))
First_Phase/scene_demo/finish_v1/tests/test_pilot.py:45: trailing whitespace.
+
First_Phase/scene_demo/finish_v1/tests/test_pilot.py:46: trailing whitespace.
+    def test_sensor_frames_list_existing_merged(self):
First_Phase/scene_demo/finish_v1/tests/test_pilot.py:47: trailing whitespace.
+        existing = [{"timestamp": 0.5, "view": "agentview", "frame": 0}]
First_Phase/scene_demo/finish_v1/tests/test_pilot.py:48: trailing whitespace.
+        caps = [{"timestamp": 1.5, "frames": [{"view": "wrist"}]}]
First_Phase/scene_demo/finish_v1/tests/test_pilot.py:49: trailing whitespace.
+        rows = self.mod.sensor_frames_list(caps, existing_frames=existing)
First_Phase/scene_demo/finish_v1/tests/test_pilot.py:50: trailing whitespace.
+        self.assertEqual([r["timestamp"] for r in rows], [0.5, 1.5])
First_Phase/scene_demo/finish_v1/tests/test_pilot.py:51: trailing whitespace.
+
First_Phase/scene_demo/finish_v1/tests/test_pilot.py:52: trailing whitespace.
+    def test_dedup_last_n_ordered_dedups_timestamp(self):
First_Phase/scene_demo/finish_v1/tests/test_pilot.py:53: trailing whitespace.
+        rows = [
First_Phase/scene_demo/finish_v1/tests/test_pilot.py:54: trailing whitespace.
+            {"timestamp": 1.0, "x": 1},
First_Phase/scene_demo/finish_v1/tests/test_pilot.py:55: trailing whitespace.
+            {"timestamp": 1.0, "x": 99},
First_Phase/scene_demo/finish_v1/tests/test_pilot.py:56: trailing whitespace.
+            {"timestamp": 2.0, "x": 2},
First_Phase/scene_demo/finish_v1/tests/test_pilot.py:57: trailing whitespace.
+            {"timestamp": 3.0, "x": 3},
First_Phase/scene_demo/finish_v1/tests/test_pilot.py:58: trailing whitespace.
+            {"timestamp": 4.0, "x": 4},
First_Phase/scene_demo/finish_v1/tests/test_pilot.py:59: trailing whitespace.
+        ]
First_Phase/scene_demo/finish_v1/tests/test_pilot.py:60: trailing whitespace.
+        uniq = self.mod.dedup_last_n_ordered(rows, 3)
First_Phase/scene_demo/finish_v1/tests/test_pilot.py:61: trailing whitespace.
+        self.assertEqual([r["timestamp"] for r in uniq], [2.0, 3.0, 4.0])
First_Phase/scene_demo/finish_v1/tests/test_pilot.py:62: trailing whitespace.
+        self.assertEqual(uniq[0]["x"], 2)
First_Phase/scene_demo/finish_v1/tests/test_pilot.py:63: trailing whitespace.
+        self.assertEqual(self.mod.dedup_last_n_ordered(rows, 4)[0]["x"], 99)
First_Phase/scene_demo/finish_v1/tests/test_pilot.py:64: trailing whitespace.
+
First_Phase/scene_demo/finish_v1/tests/test_pilot.py:65: trailing whitespace.
+    def test_predicate_key(self):
First_Phase/scene_demo/finish_v1/tests/test_pilot.py:66: trailing whitespace.
+        self.assertEqual(self.mod.predicate_key(["on", "a", "b"]), "on|a|b")
First_Phase/scene_demo/finish_v1/tests/test_pilot.py:67: trailing whitespace.
+
First_Phase/scene_demo/finish_v1/tests/test_pilot.py:68: trailing whitespace.
+    def test_negative_routing(self):
First_Phase/scene_demo/finish_v1/tests/test_pilot.py:69: trailing whitespace.
+        self.assertEqual(self.mod.negative_routing({"state": "incomplete"}, False), "correct_negative")
First_Phase/scene_demo/finish_v1/tests/test_pilot.py:70: trailing whitespace.
+        self.assertEqual(self.mod.negative_routing({"state": "unknown"}, False), "correct_negative")
First_Phase/scene_demo/finish_v1/tests/test_pilot.py:71: trailing whitespace.
+        self.assertEqual(self.mod.negative_routing({"state": "complete"}, False), "false_positive")
First_Phase/scene_demo/finish_v1/tests/test_pilot.py:72: trailing whitespace.
+        self.assertIsNone(self.mod.negative_routing({"state": "incomplete"}, True))
First_Phase/scene_demo/finish_v1/tests/test_pilot.py:73: trailing whitespace.
+
First_Phase/scene_demo/finish_v1/tests/test_pilot.py:74: trailing whitespace.
+    def test_negative_routing_all_fixed_states(self):
First_Phase/scene_demo/finish_v1/tests/test_pilot.py:75: trailing whitespace.
+        for state in ("incomplete", "unknown", "needs_release", "needs_retreat", "complete"):
First_Phase/scene_demo/finish_v1/tests/test_pilot.py:76: trailing whitespace.
+            self.assertIsNone(self.mod.negative_routing({"state": state}, True))
First_Phase/scene_demo/finish_v1/tests/test_pilot.py:77: trailing whitespace.
+            expected = "correct_negative" if state in ("incomplete", "unknown") else "false_positive"
First_Phase/scene_demo/finish_v1/tests/test_pilot.py:78: trailing whitespace.
+            self.assertEqual(self.mod.negative_routing({"state": state}, False), expected)
First_Phase/scene_demo/finish_v1/tests/test_pilot.py:79: trailing whitespace.
+
First_Phase/scene_demo/finish_v1/tests/test_pilot.py:80: trailing whitespace.
+    def test_eligible_branch_uses_allow_helper(self):
First_Phase/scene_demo/finish_v1/tests/test_pilot.py:81: trailing whitespace.
+        import inspect
First_Phase/scene_demo/finish_v1/tests/test_pilot.py:82: trailing whitespace.
+        source = inspect.getsource(self.mod.PilotRunner.run_case)
First_Phase/scene_demo/finish_v1/tests/test_pilot.py:83: trailing whitespace.
+        self.assertIn("if not allow_helper:", source)
First_Phase/scene_demo/finish_v1/tests/test_pilot.py:84: trailing whitespace.
+        self.assertNotIn('if decision_state != "complete":', source)
First_Phase/scene_demo/finish_v1/tests/test_pilot.py:85: trailing whitespace.
+
First_Phase/scene_demo/finish_v1/tests/test_pilot.py:86: trailing whitespace.
+    def test_no_phantom_state_or_bare_sha_call(self):
First_Phase/scene_demo/finish_v1/tests/test_pilot.py:87: trailing whitespace.
+        import ast
First_Phase/scene_demo/finish_v1/tests/test_pilot.py:88: trailing whitespace.
+        source = Path(self.mod.__file__).read_text()
First_Phase/scene_demo/finish_v1/tests/test_pilot.py:89: trailing whitespace.
+        self.assertNotIn("port.state()", source)
First_Phase/scene_demo/finish_v1/tests/test_pilot.py:90: trailing whitespace.
+        tree = ast.parse(source)
First_Phase/scene_demo/finish_v1/tests/test_pilot.py:91: trailing whitespace.
+        self.assertFalse(any(isinstance(node, ast.Call) and isinstance(node.func, ast.Name) and node.func.id == "sha256" for node in ast.walk(tree)))
First_Phase/scene_demo/finish_v1/tests/test_pilot.py:92: trailing whitespace.
+
First_Phase/scene_demo/finish_v1/tests/test_pilot.py:93: trailing whitespace.
+    def test_false_goal_predicate_is_not_unknown(self):
First_Phase/scene_demo/finish_v1/tests/test_pilot.py:94: trailing whitespace.
+        snap = {"predicates": {"on|a|b": False}}
First_Phase/scene_demo/finish_v1/tests/test_pilot.py:95: trailing whitespace.
+        self.assertEqual(self.mod.PilotRunner._eval_gold_predicates(None, snap, [["on", "a", "b"]]), [False])
First_Phase/scene_demo/finish_v1/tests/test_pilot.py:96: trailing whitespace.
+
First_Phase/scene_demo/finish_v1/tests/test_pilot.py:97: trailing whitespace.
+    def test_turn_ready_real_gold_layer_home_outside(self):
First_Phase/scene_demo/finish_v1/tests/test_pilot.py:98: trailing whitespace.
+        runner = object.__new__(self.mod.PilotRunner)
First_Phase/scene_demo/finish_v1/tests/test_pilot.py:99: trailing whitespace.
+        gold_snapshot = {
First_Phase/scene_demo/finish_v1/tests/test_pilot.py:100: trailing whitespace.
+            "predicates": {"turnon|flat_stove_1": True},
First_Phase/scene_demo/finish_v1/tests/test_pilot.py:101: trailing whitespace.
+            "grasp_observation_complete": True,
First_Phase/scene_demo/finish_v1/tests/test_pilot.py:102: trailing whitespace.
+            "objects": {"bowl": {"grasped": False}},
First_Phase/scene_demo/finish_v1/tests/test_pilot.py:103: trailing whitespace.
+            "held_objects": [],
First_Phase/scene_demo/finish_v1/tests/test_pilot.py:104: trailing whitespace.
+            "strict_candidate": None,
First_Phase/scene_demo/finish_v1/tests/test_pilot.py:105: trailing whitespace.
+        }
First_Phase/scene_demo/finish_v1/tests/test_pilot.py:106: trailing whitespace.
+        outer = {"gold": gold_snapshot, "home": {"ready": True}, "contacts": []}
First_Phase/scene_demo/finish_v1/tests/test_pilot.py:107: trailing whitespace.
+        self.assertTrue(runner._is_ready_for_goal(outer["gold"], [["turnon", "flat_stove_1"]], "stove_exit"))
First_Phase/scene_demo/finish_v1/tests/test_pilot.py:108: trailing whitespace.
+        outer["gold"]["predicates"]["turnon|flat_stove_1"] = False
First_Phase/scene_demo/finish_v1/tests/test_pilot.py:109: trailing whitespace.
+        self.assertFalse(runner._is_ready_for_goal(outer["gold"], [["turnon", "flat_stove_1"]], "stove_exit"))
First_Phase/scene_demo/finish_v1/tests/test_pilot.py:110: trailing whitespace.
+
First_Phase/scene_demo/finish_v1/tests/test_pilot.py:111: trailing whitespace.
+    def test_compute_unique_actual_streak(self):
First_Phase/scene_demo/finish_v1/tests/test_pilot.py:112: trailing whitespace.
+        rows = [
First_Phase/scene_demo/finish_v1/tests/test_pilot.py:113: trailing whitespace.
+            {"actual_step": 0, "ready": False, "home_ready": True, "contacts_empty": True},
First_Phase/scene_demo/finish_v1/tests/test_pilot.py:114: trailing whitespace.
+            {"actual_step": 1, "ready": True, "home_ready": True, "contacts_empty": True},
First_Phase/scene_demo/finish_v1/tests/test_pilot.py:115: trailing whitespace.
+            {"actual_step": 2, "ready": True, "home_ready": True, "contacts_empty": True},
First_Phase/scene_demo/finish_v1/tests/test_pilot.py:116: trailing whitespace.
+            {"actual_step": 3, "ready": True, "home_ready": True, "contacts_empty": True},
First_Phase/scene_demo/finish_v1/tests/test_pilot.py:117: trailing whitespace.
+            {"actual_step": 4, "ready": True, "home_ready": True, "contacts_empty": True},
First_Phase/scene_demo/finish_v1/tests/test_pilot.py:118: trailing whitespace.
+            {"actual_step": 5, "ready": True, "home_ready": True, "contacts_empty": True},
First_Phase/scene_demo/finish_v1/tests/test_pilot.py:119: trailing whitespace.
+        ]
First_Phase/scene_demo/finish_v1/tests/test_pilot.py:120: trailing whitespace.
+        self.assertEqual(self.mod.compute_unique_actual_streak(rows), 5)
First_Phase/scene_demo/finish_v1/tests/test_pilot.py:121: trailing whitespace.
+
First_Phase/scene_demo/finish_v1/tests/test_pilot.py:122: trailing whitespace.
+    def test_compute_unique_actual_streak_rejects_duplicate(self):
First_Phase/scene_demo/finish_v1/tests/test_pilot.py:123: trailing whitespace.
+        rows = [
First_Phase/scene_demo/finish_v1/tests/test_pilot.py:124: trailing whitespace.
+            {"actual_step": 1, "ready": True, "home_ready": True, "contacts_empty": True},
First_Phase/scene_demo/finish_v1/tests/test_pilot.py:125: trailing whitespace.
+            {"actual_step": 1, "ready": True, "home_ready": True, "contacts_empty": True},
First_Phase/scene_demo/finish_v1/tests/test_pilot.py:126: trailing whitespace.
+        ]
First_Phase/scene_demo/finish_v1/tests/test_pilot.py:127: trailing whitespace.
+        with self.assertRaises(RuntimeError):
First_Phase/scene_demo/finish_v1/tests/test_pilot.py:128: trailing whitespace.
+            self.mod.compute_unique_actual_streak(rows)
First_Phase/scene_demo/finish_v1/tests/test_pilot.py:129: trailing whitespace.
+
First_Phase/scene_demo/finish_v1/tests/test_pilot.py:130: trailing whitespace.
+    def test_turn_ready_without_static_entry(self):
First_Phase/scene_demo/finish_v1/tests/test_pilot.py:131: trailing whitespace.
+        snap = {
First_Phase/scene_demo/finish_v1/tests/test_pilot.py:132: trailing whitespace.
+            "predicates": {"turnon|flat_stove_1": True},
First_Phase/scene_demo/finish_v1/tests/test_pilot.py:133: trailing whitespace.
+            "grasp_observation_complete": True,
First_Phase/scene_demo/finish_v1/tests/test_pilot.py:134: trailing whitespace.
+            "objects": {"stove": {"grasped": False}, "obj2": {"grasped": False}},
First_Phase/scene_demo/finish_v1/tests/test_pilot.py:135: trailing whitespace.
+            "held_objects": [],
First_Phase/scene_demo/finish_v1/tests/test_pilot.py:136: trailing whitespace.
+        }
First_Phase/scene_demo/finish_v1/tests/test_pilot.py:137: trailing whitespace.
+        self.assertTrue(self.mod.turn_ready_without_static_entry(snap))
First_Phase/scene_demo/finish_v1/tests/test_pilot.py:138: trailing whitespace.
+        snap["objects"]["obj2"]["grasped"] = True
First_Phase/scene_demo/finish_v1/tests/test_pilot.py:139: trailing whitespace.
+        self.assertFalse(self.mod.turn_ready_without_static_entry(snap))
First_Phase/scene_demo/finish_v1/tests/test_pilot.py:140: trailing whitespace.
+
First_Phase/scene_demo/finish_v1/tests/test_pilot.py:141: trailing whitespace.
+    def test_eval_gold_predicates_missing_key_raises(self):
First_Phase/scene_demo/finish_v1/tests/test_pilot.py:142: trailing whitespace.
+        snap = {"predicates": {"on|a|b": True}}
First_Phase/scene_demo/finish_v1/tests/test_pilot.py:143: trailing whitespace.
+        with self.assertRaises(RuntimeError):
First_Phase/scene_demo/finish_v1/tests/test_pilot.py:144: trailing whitespace.
+            self.mod.PilotRunner._eval_gold_predicates(None, snap, [["on", "a", "c"]])
First_Phase/scene_demo/finish_v1/tests/test_pilot.py:145: trailing whitespace.
+
First_Phase/scene_demo/finish_v1/tests/test_pilot.py:146: trailing whitespace.
+    def test_preflight_source_validation_with_tempfile(self):
First_Phase/scene_demo/finish_v1/tests/test_pilot.py:147: trailing whitespace.
+        # Validate PilotRunner.verify_preflight checks source_sha256 mappings using temp dirs
First_Phase/scene_demo/finish_v1/tests/test_pilot.py:148: trailing whitespace.
+        import types, tempfile, hashlib
First_Phase/scene_demo/finish_v1/tests/test_pilot.py:149: trailing whitespace.
+        runner = object.__new__(self.mod.PilotRunner)
First_Phase/scene_demo/finish_v1/tests/test_pilot.py:150: trailing whitespace.
+        runner.proposal_path = Path(tempfile.gettempdir()) / "proposal_mock.txt"
First_Phase/scene_demo/finish_v1/tests/test_pilot.py:151: trailing whitespace.
+        runner.inputs_path = Path(tempfile.gettempdir()) / "inputs_mock.json"
First_Phase/scene_demo/finish_v1/tests/test_pilot.py:152: trailing whitespace.
+        # Create temp proposal file
First_Phase/scene_demo/finish_v1/tests/test_pilot.py:153: trailing whitespace.
+        runner.proposal_path.write_text("proposal")
First_Phase/scene_demo/finish_v1/tests/test_pilot.py:154: trailing whitespace.
+        runner.inputs_path.write_text("inputs")
First_Phase/scene_demo/finish_v1/tests/test_pilot.py:155: trailing whitespace.
+        # Create mock preflight directory under ROOT? We'll monkeypatch ROOT to temp
First_Phase/scene_demo/finish_v1/tests/test_pilot.py:156: trailing whitespace.
+        tmp_root = Path(tempfile.mkdtemp())
First_Phase/scene_demo/finish_v1/tests/test_pilot.py:157: trailing whitespace.
+        evidence = tmp_root / "First_Phase" / "scene_demo" / "results" / "2026-10-10-visual-finish" / "evidence"
First_Phase/scene_demo/finish_v1/tests/test_pilot.py:158: trailing whitespace.
+        evidence.mkdir(parents=True)
First_Phase/scene_demo/finish_v1/tests/test_pilot.py:159: trailing whitespace.
+        # source file
First_Phase/scene_demo/finish_v1/tests/test_pilot.py:160: trailing whitespace.
+        src_file = tmp_root / "source.txt"
First_Phase/scene_demo/finish_v1/tests/test_pilot.py:161: trailing whitespace.
+        src_file.write_text("src")
First_Phase/scene_demo/finish_v1/tests/test_pilot.py:162: trailing whitespace.
+        # preflight json
First_Phase/scene_demo/finish_v1/tests/test_pilot.py:163: trailing whitespace.
+        prop_sha = self.mod._sha256_file(runner.proposal_path)
First_Phase/scene_demo/finish_v1/tests/test_pilot.py:164: trailing whitespace.
+        inputs_sha = self.mod._sha256_file(runner.inputs_path)
First_Phase/scene_demo/finish_v1/tests/test_pilot.py:165: trailing whitespace.
+        src_sha = self.mod._sha256_file(src_file)
First_Phase/scene_demo/finish_v1/tests/test_pilot.py:166: trailing whitespace.
+        pre = {"proposal_sha256": prop_sha, "inputs_sha256": inputs_sha, "source_sha256": {"source.txt": src_sha}}
First_Phase/scene_demo/finish_v1/tests/test_pilot.py:167: trailing whitespace.
+        (evidence / "preflight.json").write_text(json.dumps(pre))
First_Phase/scene_demo/finish_v1/tests/test_pilot.py:168: trailing whitespace.
+        old_root = self.mod.ROOT
First_Phase/scene_demo/finish_v1/tests/test_pilot.py:169: trailing whitespace.
+        self.mod.ROOT = tmp_root
First_Phase/scene_demo/finish_v1/tests/test_pilot.py:170: trailing whitespace.
+        try:
First_Phase/scene_demo/finish_v1/tests/test_pilot.py:171: trailing whitespace.
+            runner.verify_preflight()
First_Phase/scene_demo/finish_v1/tests/test_pilot.py:172: trailing whitespace.
+        finally:
First_Phase/scene_demo/finish_v1/tests/test_pilot.py:173: trailing whitespace.
+            self.mod.ROOT = old_root
First_Phase/scene_demo/finish_v1/tests/test_pilot.py:174: trailing whitespace.
+
First_Phase/scene_demo/finish_v1/tests/test_pilot.py:175: trailing whitespace.
+
First_Phase/scene_demo/finish_v1/tests/test_pilot.py:176: trailing whitespace.
+if __name__ == "__main__":
First_Phase/scene_demo/finish_v1/tests/test_pilot.py:177: trailing whitespace.
+    unittest.main()
First_Phase/scene_demo/plans/2026-10-10-visual-finish-pilot.json:1: trailing whitespace.
+{
First_Phase/scene_demo/plans/2026-10-10-visual-finish-pilot.json:2: trailing whitespace.
+  "schema_version": 1,
First_Phase/scene_demo/plans/2026-10-10-visual-finish-pilot.json:3: trailing whitespace.
+  "id": "20261010-visual-finish-pilot",
First_Phase/scene_demo/plans/2026-10-10-visual-finish-pilot.json:4: trailing whitespace.
+  "intent": "new_experiment",
First_Phase/scene_demo/plans/2026-10-10-visual-finish-pilot.json:5: trailing whitespace.
+  "question_key": "release-stop",
First_Phase/scene_demo/plans/2026-10-10-visual-finish-pilot.json:6: trailing whitespace.
+  "purpose": "在五个冻结旧失败状态上验证视觉完成检查与传感通用收尾；接收用户要求和固定历史Hermes子任务上下文，但独立gold不供视觉判断。暂不微调或新VLA推理。",
First_Phase/scene_demo/plans/2026-10-10-visual-finish-pilot.json:7: trailing whitespace.
+  "prior_evidence": [
First_Phase/scene_demo/plans/2026-10-10-visual-finish-pilot.json:8: trailing whitespace.
+    "20261007-placement",
First_Phase/scene_demo/plans/2026-10-10-visual-finish-pilot.json:9: trailing whitespace.
+    "20261009-joint-home",
First_Phase/scene_demo/plans/2026-10-10-visual-finish-pilot.json:10: trailing whitespace.
+    "20261009-joint-home-12",
First_Phase/scene_demo/plans/2026-10-10-visual-finish-pilot.json:11: trailing whitespace.
+    "20261009-safe-exit-3",
First_Phase/scene_demo/plans/2026-10-10-visual-finish-pilot.json:12: trailing whitespace.
+    "20261010-safe-exit-sdk-3"
First_Phase/scene_demo/plans/2026-10-10-visual-finish-pilot.json:13: trailing whitespace.
+  ],
First_Phase/scene_demo/plans/2026-10-10-visual-finish-pilot.json:14: trailing whitespace.
+  "history_review": [
First_Phase/scene_demo/plans/2026-10-10-visual-finish-pilot.json:15: trailing whitespace.
+    {
First_Phase/scene_demo/plans/2026-10-10-visual-finish-pilot.json:16: trailing whitespace.
+      "experiment_id": "20261007-placement",
First_Phase/scene_demo/plans/2026-10-10-visual-finish-pilot.json:17: trailing whitespace.
+      "disposition": "reuse",
First_Phase/scene_demo/plans/2026-10-10-visual-finish-pilot.json:18: trailing whitespace.
+      "reason": "原95/83停点与102/104释放确认已配对；重用未释放/未稳的原始证据，不重做VLA。"
First_Phase/scene_demo/plans/2026-10-10-visual-finish-pilot.json:19: trailing whitespace.
+    },
First_Phase/scene_demo/plans/2026-10-10-visual-finish-pilot.json:20: trailing whitespace.
+    {
First_Phase/scene_demo/plans/2026-10-10-visual-finish-pilot.json:21: trailing whitespace.
+      "experiment_id": "20261009-joint-home",
First_Phase/scene_demo/plans/2026-10-10-visual-finish-pilot.json:22: trailing whitespace.
+      "disposition": "reuse",
First_Phase/scene_demo/plans/2026-10-10-visual-finish-pilot.json:23: trailing whitespace.
+      "reason": "已验证真实归位控制器在部分旧状态有效，复用控制器结果。"
First_Phase/scene_demo/plans/2026-10-10-visual-finish-pilot.json:24: trailing whitespace.
+    },
First_Phase/scene_demo/plans/2026-10-10-visual-finish-pilot.json:25: trailing whitespace.
+    {
First_Phase/scene_demo/plans/2026-10-10-visual-finish-pilot.json:26: trailing whitespace.
+      "experiment_id": "20261009-joint-home-12",
First_Phase/scene_demo/plans/2026-10-10-visual-finish-pilot.json:27: trailing whitespace.
+      "disposition": "reuse",
First_Phase/scene_demo/plans/2026-10-10-visual-finish-pilot.json:28: trailing whitespace.
+      "reason": "复用原case02/07及失败09/11动作与旧评分，不重跑原生基线。"
First_Phase/scene_demo/plans/2026-10-10-visual-finish-pilot.json:29: trailing whitespace.
+    },
First_Phase/scene_demo/plans/2026-10-10-visual-finish-pilot.json:30: trailing whitespace.
+    {
First_Phase/scene_demo/plans/2026-10-10-visual-finish-pilot.json:31: trailing whitespace.
+      "experiment_id": "20261009-safe-exit-3",
First_Phase/scene_demo/plans/2026-10-10-visual-finish-pilot.json:32: trailing whitespace.
+      "disposition": "reuse",
First_Phase/scene_demo/plans/2026-10-10-visual-finish-pilot.json:33: trailing whitespace.
+      "reason": "保留SDK错误后零辅助动作的unknown；不能作为退出有效性证据。"
First_Phase/scene_demo/plans/2026-10-10-visual-finish-pilot.json:34: trailing whitespace.
+    },
First_Phase/scene_demo/plans/2026-10-10-visual-finish-pilot.json:35: trailing whitespace.
+    {
First_Phase/scene_demo/plans/2026-10-10-visual-finish-pilot.json:36: trailing whitespace.
+      "experiment_id": "20261010-safe-exit-sdk-3",
First_Phase/scene_demo/plans/2026-10-10-visual-finish-pilot.json:37: trailing whitespace.
+      "disposition": "reuse",
First_Phase/scene_demo/plans/2026-10-10-visual-finish-pilot.json:38: trailing whitespace.
+      "reason": "复用退离预算用尽与新浅接触的结果，作为本轮收尾问题来源。"
First_Phase/scene_demo/plans/2026-10-10-visual-finish-pilot.json:39: trailing whitespace.
+    }
First_Phase/scene_demo/plans/2026-10-10-visual-finish-pilot.json:40: trailing whitespace.
+  ],
First_Phase/scene_demo/plans/2026-10-10-visual-finish-pilot.json:41: trailing whitespace.
+  "new_physical_actions": 2503,
First_Phase/scene_demo/plans/2026-10-10-visual-finish-pilot.json:42: trailing whitespace.
+  "hypothesis": "多帧图像检查能区分未完成操作与缺少释放或退离；传感收尾在明确支持、完成和空隙证据下可以完成旧状态的安全交接。",
First_Phase/scene_demo/plans/2026-10-10-visual-finish-pilot.json:43: trailing whitespace.
+  "information_gain": "首次独立验证以Hermes当前子任务作为注意上下文的视觉完成判断，以及RGBD几何筛查和独立确认预算组成的收尾机制。多个改变组成干预包，不能单独归因，也不证明新VLA、多任务链或真机泛化。",
First_Phase/scene_demo/plans/2026-10-10-visual-finish-pilot.json:44: trailing whitespace.
+  "success_criteria": "两个negative必须零helper且视觉incomplete或unknown；三个eligible逐例只有原生literal目标成立、所有具名关节物体明确未被持有、目标已释放稳定（turn不要求static目标速度）、机器人归位与停稳、零robotcontacts在实际post-action连续5个样本均满足，且最终视觉complete，才physical_success。错误计划不改独立gold。",
First_Phase/scene_demo/plans/2026-10-10-visual-finish-pilot.json:45: trailing whitespace.
+  "failure_criteria": "视觉把负例判成需要释放/退离/完成为false_positive；eligible视觉非完成或收尾阻断/预算耗尽/保护触发为blocked；任何浅接触仍记录且不满足最终零接触。物体成果破坏立即停止本例。",
First_Phase/scene_demo/plans/2026-10-10-visual-finish-pilot.json:46: trailing whitespace.
+  "unknown_criteria": "来源SHA或回放终态不匹配、缺必需相机、SDK接口/协议/网络错误或cleanup异常记unknown，停止campaign剩余not_run；视觉看不清的unknown是正常阻断，可以继续下一个冻结case。",
First_Phase/scene_demo/plans/2026-10-10-visual-finish-pilot.json:47: trailing whitespace.
+  "changed_factors": [
First_Phase/scene_demo/plans/2026-10-10-visual-finish-pilot.json:48: trailing whitespace.
+    {
First_Phase/scene_demo/plans/2026-10-10-visual-finish-pilot.json:49: trailing whitespace.
+      "name": "completion_judgement",
First_Phase/scene_demo/plans/2026-10-10-visual-finish-pilot.json:50: trailing whitespace.
+      "before": "仿真目标与持物代理决定收尾资格",
First_Phase/scene_demo/plans/2026-10-10-visual-finish-pilot.json:51: trailing whitespace.
+      "after": "固定用户要求、历史子任务上下文、固定完成条件和最多6张RGB实际观测决定视觉状态",
First_Phase/scene_demo/plans/2026-10-10-visual-finish-pilot.json:52: trailing whitespace.
+      "reason": "避免计划自报成功覆盖观测；检查真机可获取输入能否识别不完整终点"
First_Phase/scene_demo/plans/2026-10-10-visual-finish-pilot.json:53: trailing whitespace.
+    },
First_Phase/scene_demo/plans/2026-10-10-visual-finish-pilot.json:54: trailing whitespace.
+    {
First_Phase/scene_demo/plans/2026-10-10-visual-finish-pilot.json:55: trailing whitespace.
+      "name": "retreat_geometry",
First_Phase/scene_demo/plans/2026-10-10-visual-finish-pilot.json:56: trailing whitespace.
+      "before": "精确仿真接触法线和接触几何选择退出路线",
First_Phase/scene_demo/plans/2026-10-10-visual-finish-pilot.json:57: trailing whitespace.
+      "after": "RGBD点云与本体几何筛查可见空间路径；仍保留仿真独立紧急监督",
First_Phase/scene_demo/plans/2026-10-10-visual-finish-pilot.json:58: trailing whitespace.
+      "reason": "检验接近真实传感条件的通用收尾"
First_Phase/scene_demo/plans/2026-10-10-visual-finish-pilot.json:59: trailing whitespace.
+    },
First_Phase/scene_demo/plans/2026-10-10-visual-finish-pilot.json:60: trailing whitespace.
+    {
First_Phase/scene_demo/plans/2026-10-10-visual-finish-pilot.json:61: trailing whitespace.
+      "name": "confirmation_budget",
First_Phase/scene_demo/plans/2026-10-10-visual-finish-pilot.json:62: trailing whitespace.
+      "before": "移动与连续确认共享80步额度",
First_Phase/scene_demo/plans/2026-10-10-visual-finish-pilot.json:63: trailing whitespace.
+      "after": "release20、movement80、confirm20、home360独立额度",
First_Phase/scene_demo/plans/2026-10-10-visual-finish-pilot.json:64: trailing whitespace.
+      "reason": "防止已到位但确认被移动额度截断"
First_Phase/scene_demo/plans/2026-10-10-visual-finish-pilot.json:65: trailing whitespace.
+    }
First_Phase/scene_demo/plans/2026-10-10-visual-finish-pilot.json:66: trailing whitespace.
+  ],
First_Phase/scene_demo/plans/2026-10-10-visual-finish-pilot.json:67: trailing whitespace.
+  "fixed_factors": {
First_Phase/scene_demo/plans/2026-10-10-visual-finish-pilot.json:68: trailing whitespace.
+    "cases": [
First_Phase/scene_demo/plans/2026-10-10-visual-finish-pilot.json:69: trailing whitespace.
+      "bowl_held83",
First_Phase/scene_demo/plans/2026-10-10-visual-finish-pilot.json:70: trailing whitespace.
+      "wine_exit",
First_Phase/scene_demo/plans/2026-10-10-visual-finish-pilot.json:71: trailing whitespace.
+      "stove_exit",
First_Phase/scene_demo/plans/2026-10-10-visual-finish-pilot.json:72: trailing whitespace.
+      "soup_negative",
First_Phase/scene_demo/plans/2026-10-10-visual-finish-pilot.json:73: trailing whitespace.
+      "sauce_negative"
First_Phase/scene_demo/plans/2026-10-10-visual-finish-pilot.json:74: trailing whitespace.
+    ],
First_Phase/scene_demo/plans/2026-10-10-visual-finish-pilot.json:75: trailing whitespace.
+    "historical_initial_states": "inputs逐例origin_sha与reference.origin_sha256；四个terminal_sha精确匹配；碗只匹配原embedded目标谓词/持物/target,eef,finger位置1e-7，不宣称全态同一",
First_Phase/scene_demo/plans/2026-10-10-visual-finish-pilot.json:76: trailing whitespace.
+    "actions": "原gzip日志浮点7维按原顺序真实回放，1013历史动作；无新VLA/模型加载",
First_Phase/scene_demo/plans/2026-10-10-visual-finish-pilot.json:77: trailing whitespace.
+    "policy_weights": "不改变、不读取、不微调；本轮无新policy推理",
First_Phase/scene_demo/plans/2026-10-10-visual-finish-pilot.json:78: trailing whitespace.
+    "initialization": "原env.reset内10settle no-op每例，50初始化动作独立记录",
First_Phase/scene_demo/plans/2026-10-10-visual-finish-pilot.json:79: trailing whitespace.
+    "vision": "qwen3-vl-plus、temperature0、max_tokens1600、最多18API调用、无retry",
First_Phase/scene_demo/plans/2026-10-10-visual-finish-pilot.json:80: trailing whitespace.
+    "scene": "LIBERO robosuite/MuJoCo Franka Panda，env_seed与init保持inputs",
First_Phase/scene_demo/plans/2026-10-10-visual-finish-pilot.json:81: trailing whitespace.
+    "contexts": "GPT固定历史Hermes子任务fixture，不新增Hermes调用",
First_Phase/scene_demo/plans/2026-10-10-visual-finish-pilot.json:82: trailing whitespace.
+    "inputs_sha256": "85229f96c05aa97073cecacb4de524e3f539594879ec39a80720da4fb67d086b",
First_Phase/scene_demo/plans/2026-10-10-visual-finish-pilot.json:83: trailing whitespace.
+    "safety": "已真谓词保留；非目标jointed物体位置变化5mm上限；new contact/deepening50um上限；最后成功仍必须无任何robotcontact"
First_Phase/scene_demo/plans/2026-10-10-visual-finish-pilot.json:84: trailing whitespace.
+  },
First_Phase/scene_demo/plans/2026-10-10-visual-finish-pilot.json:85: trailing whitespace.
+  "scope": {
First_Phase/scene_demo/plans/2026-10-10-visual-finish-pilot.json:86: trailing whitespace.
+    "max_cases": 5,
First_Phase/scene_demo/plans/2026-10-10-visual-finish-pilot.json:87: trailing whitespace.
+    "max_vla_actions_per_case": 0,
First_Phase/scene_demo/plans/2026-10-10-visual-finish-pilot.json:88: trailing whitespace.
+    "max_helper_actions_per_case": 817,
First_Phase/scene_demo/plans/2026-10-10-visual-finish-pilot.json:89: trailing whitespace.
+    "stop_rule": "每个冻结样例一次；不重试不调参。已知物理或视觉阻断仅停止本例，软件/来源/接口unknown停止全部剩余样例。两个negative禁止helper。"
First_Phase/scene_demo/plans/2026-10-10-visual-finish-pilot.json:90: trailing whitespace.
+  },
First_Phase/scene_demo/plans/2026-10-10-visual-finish-pilot.json:91: trailing whitespace.
+  "configuration": {
First_Phase/scene_demo/plans/2026-10-10-visual-finish-pilot.json:92: trailing whitespace.
+    "campaign": "20261010-visual-finish-pilot",
First_Phase/scene_demo/plans/2026-10-10-visual-finish-pilot.json:93: trailing whitespace.
+    "inputs_sha256": "85229f96c05aa97073cecacb4de524e3f539594879ec39a80720da4fb67d086b",
First_Phase/scene_demo/plans/2026-10-10-visual-finish-pilot.json:94: trailing whitespace.
+    "case_order": [
First_Phase/scene_demo/plans/2026-10-10-visual-finish-pilot.json:95: trailing whitespace.
+      "bowl_held83",
First_Phase/scene_demo/plans/2026-10-10-visual-finish-pilot.json:96: trailing whitespace.
+      "wine_exit",
First_Phase/scene_demo/plans/2026-10-10-visual-finish-pilot.json:97: trailing whitespace.
+      "stove_exit",
First_Phase/scene_demo/plans/2026-10-10-visual-finish-pilot.json:98: trailing whitespace.
+      "soup_negative",
First_Phase/scene_demo/plans/2026-10-10-visual-finish-pilot.json:99: trailing whitespace.
+      "sauce_negative"
First_Phase/scene_demo/plans/2026-10-10-visual-finish-pilot.json:100: trailing whitespace.
+    ],
First_Phase/scene_demo/plans/2026-10-10-visual-finish-pilot.json:101: trailing whitespace.
+    "initialization_actions": 50,
First_Phase/scene_demo/plans/2026-10-10-visual-finish-pilot.json:102: trailing whitespace.
+    "historical_replay_actions": 1013,
First_Phase/scene_demo/plans/2026-10-10-visual-finish-pilot.json:103: trailing whitespace.
+    "max_finish_actions": 1440,
First_Phase/scene_demo/plans/2026-10-10-visual-finish-pilot.json:104: trailing whitespace.
+    "finish_caps_per_eligible": {
First_Phase/scene_demo/plans/2026-10-10-visual-finish-pilot.json:105: trailing whitespace.
+      "release": 20,
First_Phase/scene_demo/plans/2026-10-10-visual-finish-pilot.json:106: trailing whitespace.
+      "movement": 80,
First_Phase/scene_demo/plans/2026-10-10-visual-finish-pilot.json:107: trailing whitespace.
+      "confirm": 20,
First_Phase/scene_demo/plans/2026-10-10-visual-finish-pilot.json:108: trailing whitespace.
+      "home": 360
First_Phase/scene_demo/plans/2026-10-10-visual-finish-pilot.json:109: trailing whitespace.
+    },
First_Phase/scene_demo/plans/2026-10-10-visual-finish-pilot.json:110: trailing whitespace.
+    "eligible_cases": [
First_Phase/scene_demo/plans/2026-10-10-visual-finish-pilot.json:111: trailing whitespace.
+      "bowl_held83",
First_Phase/scene_demo/plans/2026-10-10-visual-finish-pilot.json:112: trailing whitespace.
+      "wine_exit",
First_Phase/scene_demo/plans/2026-10-10-visual-finish-pilot.json:113: trailing whitespace.
+      "stove_exit"
First_Phase/scene_demo/plans/2026-10-10-visual-finish-pilot.json:114: trailing whitespace.
+    ],
First_Phase/scene_demo/plans/2026-10-10-visual-finish-pilot.json:115: trailing whitespace.
+    "negative_cases": [
First_Phase/scene_demo/plans/2026-10-10-visual-finish-pilot.json:116: trailing whitespace.
+      "soup_negative",
First_Phase/scene_demo/plans/2026-10-10-visual-finish-pilot.json:117: trailing whitespace.
+      "sauce_negative"
First_Phase/scene_demo/plans/2026-10-10-visual-finish-pilot.json:118: trailing whitespace.
+    ],
First_Phase/scene_demo/plans/2026-10-10-visual-finish-pilot.json:119: trailing whitespace.
+    "runtime_sensors": "two-camera actual RGBD render, calibration, arm joint encoders, finger position; no object poses/predicates/contact lists in visual or path planning",
First_Phase/scene_demo/plans/2026-10-10-visual-finish-pilot.json:120: trailing whitespace.
+    "oracle_emergency_supervision": "privileged simulation predicate/object displacement/contact probes after actual helper steps; logged separately, remains simulation-only emergency supervision",
First_Phase/scene_demo/plans/2026-10-10-visual-finish-pilot.json:121: trailing whitespace.
+    "independent_gold": [
First_Phase/scene_demo/plans/2026-10-10-visual-finish-pilot.json:122: trailing whitespace.
+      [
First_Phase/scene_demo/plans/2026-10-10-visual-finish-pilot.json:123: trailing whitespace.
+        "on",
First_Phase/scene_demo/plans/2026-10-10-visual-finish-pilot.json:124: trailing whitespace.
+        "akita_black_bowl_1",
First_Phase/scene_demo/plans/2026-10-10-visual-finish-pilot.json:125: trailing whitespace.
+        "plate_1"
First_Phase/scene_demo/plans/2026-10-10-visual-finish-pilot.json:126: trailing whitespace.
+      ],
First_Phase/scene_demo/plans/2026-10-10-visual-finish-pilot.json:127: trailing whitespace.
+      [
First_Phase/scene_demo/plans/2026-10-10-visual-finish-pilot.json:128: trailing whitespace.
+        "on",
First_Phase/scene_demo/plans/2026-10-10-visual-finish-pilot.json:129: trailing whitespace.
+        "wine_bottle_1",
First_Phase/scene_demo/plans/2026-10-10-visual-finish-pilot.json:130: trailing whitespace.
+        "wine_rack_1_top_region"
First_Phase/scene_demo/plans/2026-10-10-visual-finish-pilot.json:131: trailing whitespace.
+      ],
First_Phase/scene_demo/plans/2026-10-10-visual-finish-pilot.json:132: trailing whitespace.
+      [
First_Phase/scene_demo/plans/2026-10-10-visual-finish-pilot.json:133: trailing whitespace.
+        "turnon",
First_Phase/scene_demo/plans/2026-10-10-visual-finish-pilot.json:134: trailing whitespace.
+        "flat_stove_1"
First_Phase/scene_demo/plans/2026-10-10-visual-finish-pilot.json:135: trailing whitespace.
+      ],
First_Phase/scene_demo/plans/2026-10-10-visual-finish-pilot.json:136: trailing whitespace.
+      [
First_Phase/scene_demo/plans/2026-10-10-visual-finish-pilot.json:137: trailing whitespace.
+        "in",
First_Phase/scene_demo/plans/2026-10-10-visual-finish-pilot.json:138: trailing whitespace.
+        "alphabet_soup_1",
First_Phase/scene_demo/plans/2026-10-10-visual-finish-pilot.json:139: trailing whitespace.
+        "basket_1_contain_region"
First_Phase/scene_demo/plans/2026-10-10-visual-finish-pilot.json:140: trailing whitespace.
+      ],
First_Phase/scene_demo/plans/2026-10-10-visual-finish-pilot.json:141: trailing whitespace.
+      [
First_Phase/scene_demo/plans/2026-10-10-visual-finish-pilot.json:142: trailing whitespace.
+        "in",
First_Phase/scene_demo/plans/2026-10-10-visual-finish-pilot.json:143: trailing whitespace.
+        "tomato_sauce_1",
First_Phase/scene_demo/plans/2026-10-10-visual-finish-pilot.json:144: trailing whitespace.
+        "basket_1_contain_region"
First_Phase/scene_demo/plans/2026-10-10-visual-finish-pilot.json:145: trailing whitespace.
+      ]
First_Phase/scene_demo/plans/2026-10-10-visual-finish-pilot.json:146: trailing whitespace.
+    ],
First_Phase/scene_demo/plans/2026-10-10-visual-finish-pilot.json:147: trailing whitespace.
+    "context_contract": "context is a GPT-fixed historical Hermes subtask fixture, not a newly generated Hermes plan. Gold is independent offline oracle and forbidden to vision decision.",
First_Phase/scene_demo/plans/2026-10-10-visual-finish-pilot.json:148: trailing whitespace.
+    "vision_model": "qwen3-vl-plus",
First_Phase/scene_demo/plans/2026-10-10-visual-finish-pilot.json:149: trailing whitespace.
+    "vision_max_calls": 18,
First_Phase/scene_demo/plans/2026-10-10-visual-finish-pilot.json:150: trailing whitespace.
+    "vision_max_tokens": 1600,
First_Phase/scene_demo/plans/2026-10-10-visual-finish-pilot.json:151: trailing whitespace.
+    "vision_temperature": 0,
First_Phase/scene_demo/plans/2026-10-10-visual-finish-pilot.json:152: trailing whitespace.
+    "new_vla_inferences": 0,
First_Phase/scene_demo/plans/2026-10-10-visual-finish-pilot.json:153: trailing whitespace.
+    "new_hermes_calls": 0,
First_Phase/scene_demo/plans/2026-10-10-visual-finish-pilot.json:154: trailing whitespace.
+    "weights_loaded": 0,
First_Phase/scene_demo/plans/2026-10-10-visual-finish-pilot.json:155: trailing whitespace.
+    "training": false,
First_Phase/scene_demo/plans/2026-10-10-visual-finish-pilot.json:156: trailing whitespace.
+    "physical_streak": 5,
First_Phase/scene_demo/plans/2026-10-10-visual-finish-pilot.json:157: trailing whitespace.
+    "repeat_measurements": 0,
First_Phase/scene_demo/plans/2026-10-10-visual-finish-pilot.json:158: trailing whitespace.
+    "source_freeze": "preflight.json source_sha256 must match before launch and before eachcase; no silent refreeze"
First_Phase/scene_demo/plans/2026-10-10-visual-finish-pilot.json:159: trailing whitespace.
+  },
First_Phase/scene_demo/plans/2026-10-10-visual-finish-pilot.json:160: trailing whitespace.
+  "configuration_complete": true,
First_Phase/scene_demo/plans/2026-10-10-visual-finish-pilot.json:161: trailing whitespace.
+  "repeat": {
First_Phase/scene_demo/plans/2026-10-10-visual-finish-pilot.json:162: trailing whitespace.
+    "needed": false,
First_Phase/scene_demo/plans/2026-10-10-visual-finish-pilot.json:163: trailing whitespace.
+    "reason": "原状态动作重放用于新视觉和RGBD收尾干预包验证，不重复原策略测量或归位基线。"
First_Phase/scene_demo/plans/2026-10-10-visual-finish-pilot.json:164: trailing whitespace.
+  }
First_Phase/scene_demo/plans/2026-10-10-visual-finish-pilot.json:165: trailing whitespace.
+}
First_Phase/scene_demo/results/2026-10-10-visual-finish/evidence/control_author.json:1: trailing whitespace.
+{
First_Phase/scene_demo/results/2026-10-10-visual-finish/evidence/control_author.json:2: trailing whitespace.
+  "status": "SENSOR_FOCUSED_ACCEPTANCE_PASS_CONTROL_REJECTED",
First_Phase/scene_demo/results/2026-10-10-visual-finish/evidence/control_author.json:3: trailing whitespace.
+  "calls": [
First_Phase/scene_demo/results/2026-10-10-visual-finish/evidence/control_author.json:4: trailing whitespace.
+    {
First_Phase/scene_demo/results/2026-10-10-visual-finish/evidence/control_author.json:5: trailing whitespace.
+      "http": 200,
First_Phase/scene_demo/results/2026-10-10-visual-finish/evidence/control_author.json:6: trailing whitespace.
+      "model": "deepseek-flash",
First_Phase/scene_demo/results/2026-10-10-visual-finish/evidence/control_author.json:7: trailing whitespace.
+      "stop_reason": "max_tokens",
First_Phase/scene_demo/results/2026-10-10-visual-finish/evidence/control_author.json:8: trailing whitespace.
+      "usage": {
First_Phase/scene_demo/results/2026-10-10-visual-finish/evidence/control_author.json:9: trailing whitespace.
+        "input_tokens": 2205,
First_Phase/scene_demo/results/2026-10-10-visual-finish/evidence/control_author.json:10: trailing whitespace.
+        "cache_creation_input_tokens": 0,
First_Phase/scene_demo/results/2026-10-10-visual-finish/evidence/control_author.json:11: trailing whitespace.
+        "cache_read_input_tokens": 0,
First_Phase/scene_demo/results/2026-10-10-visual-finish/evidence/control_author.json:12: trailing whitespace.
+        "output_tokens": 11000,
First_Phase/scene_demo/results/2026-10-10-visual-finish/evidence/control_author.json:13: trailing whitespace.
+        "service_tier": "standard"
First_Phase/scene_demo/results/2026-10-10-visual-finish/evidence/control_author.json:14: trailing whitespace.
+      },
First_Phase/scene_demo/results/2026-10-10-visual-finish/evidence/control_author.json:15: trailing whitespace.
+      "request_sha256": "9bdcaaf9598a7b5c12ca869622f4eb60cc8a5c01435e95a7ad707a5d0c46544c",
First_Phase/scene_demo/results/2026-10-10-visual-finish/evidence/control_author.json:16: trailing whitespace.
+      "response_sha256": "602213b75908de62bd56e233a7fa9ed6e166a5bb710d2614d5697a21f74d4cb9"
First_Phase/scene_demo/results/2026-10-10-visual-finish/evidence/control_author.json:17: trailing whitespace.
+    },
First_Phase/scene_demo/results/2026-10-10-visual-finish/evidence/control_author.json:18: trailing whitespace.
+    {
First_Phase/scene_demo/results/2026-10-10-visual-finish/evidence/control_author.json:19: trailing whitespace.
+      "http": 200,
First_Phase/scene_demo/results/2026-10-10-visual-finish/evidence/control_author.json:20: trailing whitespace.
+      "model": "deepseek-flash",
First_Phase/scene_demo/results/2026-10-10-visual-finish/evidence/control_author.json:21: trailing whitespace.
+      "stop_reason": "end_turn",
First_Phase/scene_demo/results/2026-10-10-visual-finish/evidence/control_author.json:22: trailing whitespace.
+      "usage": {
First_Phase/scene_demo/results/2026-10-10-visual-finish/evidence/control_author.json:23: trailing whitespace.
+        "input_tokens": 530,
First_Phase/scene_demo/results/2026-10-10-visual-finish/evidence/control_author.json:24: trailing whitespace.
+        "cache_creation_input_tokens": 0,
First_Phase/scene_demo/results/2026-10-10-visual-finish/evidence/control_author.json:25: trailing whitespace.
+        "cache_read_input_tokens": 2176,
First_Phase/scene_demo/results/2026-10-10-visual-finish/evidence/control_author.json:26: trailing whitespace.
+        "output_tokens": 10487,
First_Phase/scene_demo/results/2026-10-10-visual-finish/evidence/control_author.json:27: trailing whitespace.
+        "service_tier": "standard"
First_Phase/scene_demo/results/2026-10-10-visual-finish/evidence/control_author.json:28: trailing whitespace.
+      },
First_Phase/scene_demo/results/2026-10-10-visual-finish/evidence/control_author.json:29: trailing whitespace.
+      "request_sha256": "c7041d2b19b6d0cfd3896fc015c35ef50a096f0775e936221876ec20310df99a",
First_Phase/scene_demo/results/2026-10-10-visual-finish/evidence/control_author.json:30: trailing whitespace.
+      "response_sha256": "2f3a7b049a7293ab0e5cf70b0046070175750d1d16a42981a897d165cc16ef0f"
First_Phase/scene_demo/results/2026-10-10-visual-finish/evidence/control_author.json:31: trailing whitespace.
+    }
First_Phase/scene_demo/results/2026-10-10-visual-finish/evidence/control_author.json:32: trailing whitespace.
+  ],
First_Phase/scene_demo/results/2026-10-10-visual-finish/evidence/control_author.json:33: trailing whitespace.
+  "applied_sources": {
First_Phase/scene_demo/results/2026-10-10-visual-finish/evidence/control_author.json:34: trailing whitespace.
+    "control.py": "21df917b079ec062ebee026ab4a3a93f71f63a3fdff374c6ef1df7d7b83c8b1c",
First_Phase/scene_demo/results/2026-10-10-visual-finish/evidence/control_author.json:35: trailing whitespace.
+    "sensors.py": "866778e0a9d1ce7261f259567300df782a97438eb943f04ac30c178dfdd35b4f"
First_Phase/scene_demo/results/2026-10-10-visual-finish/evidence/control_author.json:36: trailing whitespace.
+  },
First_Phase/scene_demo/results/2026-10-10-visual-finish/evidence/control_author.json:37: trailing whitespace.
+  "syntax_errors": [
First_Phase/scene_demo/results/2026-10-10-visual-finish/evidence/control_author.json:38: trailing whitespace.
+    {
First_Phase/scene_demo/results/2026-10-10-visual-finish/evidence/control_author.json:39: trailing whitespace.
+      "path": "scene_demo/finish_v1/tests/test_control.py",
First_Phase/scene_demo/results/2026-10-10-visual-finish/evidence/control_author.json:40: trailing whitespace.
+      "line": 82,
First_Phase/scene_demo/results/2026-10-10-visual-finish/evidence/control_author.json:41: trailing whitespace.
+      "error": "invalid syntax (scene_demo/finish_v1/tests/test_control.py, line 82)"
First_Phase/scene_demo/results/2026-10-10-visual-finish/evidence/control_author.json:42: trailing whitespace.
+    }
First_Phase/scene_demo/results/2026-10-10-visual-finish/evidence/control_author.json:43: trailing whitespace.
+  ],
First_Phase/scene_demo/results/2026-10-10-visual-finish/evidence/control_author.json:44: trailing whitespace.
+  "known_contract_failures": [
First_Phase/scene_demo/results/2026-10-10-visual-finish/evidence/control_author.json:45: trailing whitespace.
+    "wrong joint_home import namespace",
First_Phase/scene_demo/results/2026-10-10-visual-finish/evidence/control_author.json:46: trailing whitespace.
+    "scratch first7 qpos instead of declared robot indexes",
First_Phase/scene_demo/results/2026-10-10-visual-finish/evidence/control_author.json:47: trailing whitespace.
+    "EEF silently zero default",
First_Phase/scene_demo/results/2026-10-10-visual-finish/evidence/control_author.json:48: trailing whitespace.
+    "cloud transform shape 3x3 instead of 4x4",
First_Phase/scene_demo/results/2026-10-10-visual-finish/evidence/control_author.json:49: trailing whitespace.
+    "core nonexistent verdict.state",
First_Phase/scene_demo/results/2026-10-10-visual-finish/evidence/control_author.json:50: trailing whitespace.
+    "uninitialized retreat v",
First_Phase/scene_demo/results/2026-10-10-visual-finish/evidence/control_author.json:51: trailing whitespace.
+    "home helper missing check_fn",
First_Phase/scene_demo/results/2026-10-10-visual-finish/evidence/control_author.json:52: trailing whitespace.
+    "normal returns not restoring controller"
First_Phase/scene_demo/results/2026-10-10-visual-finish/evidence/control_author.json:53: trailing whitespace.
+  ],
First_Phase/scene_demo/results/2026-10-10-visual-finish/evidence/control_author.json:54: trailing whitespace.
+  "physical_actions": 0,
First_Phase/scene_demo/results/2026-10-10-visual-finish/evidence/control_author.json:55: trailing whitespace.
+  "private_raw_response_prefix": "First_Phase/tmp/finish_control_",
First_Phase/scene_demo/results/2026-10-10-visual-finish/evidence/control_author.json:56: trailing whitespace.
+  "tests_run": false,
First_Phase/scene_demo/results/2026-10-10-visual-finish/evidence/control_author.json:57: trailing whitespace.
+  "sensor_correction": {
First_Phase/scene_demo/results/2026-10-10-visual-finish/evidence/control_author.json:58: trailing whitespace.
+    "http": 200,
First_Phase/scene_demo/results/2026-10-10-visual-finish/evidence/control_author.json:59: trailing whitespace.
+    "model": "deepseek-flash",
First_Phase/scene_demo/results/2026-10-10-visual-finish/evidence/control_author.json:60: trailing whitespace.
+    "usage": {
First_Phase/scene_demo/results/2026-10-10-visual-finish/evidence/control_author.json:61: trailing whitespace.
+      "input_tokens": 3509,
First_Phase/scene_demo/results/2026-10-10-visual-finish/evidence/control_author.json:62: trailing whitespace.
+      "cache_creation_input_tokens": 0,
First_Phase/scene_demo/results/2026-10-10-visual-finish/evidence/control_author.json:63: trailing whitespace.
+      "cache_read_input_tokens": 0,
First_Phase/scene_demo/results/2026-10-10-visual-finish/evidence/control_author.json:64: trailing whitespace.
+      "output_tokens": 4554,
First_Phase/scene_demo/results/2026-10-10-visual-finish/evidence/control_author.json:65: trailing whitespace.
+      "service_tier": "standard"
First_Phase/scene_demo/results/2026-10-10-visual-finish/evidence/control_author.json:66: trailing whitespace.
+    },
First_Phase/scene_demo/results/2026-10-10-visual-finish/evidence/control_author.json:67: trailing whitespace.
+    "stop_reason": "end_turn",
First_Phase/scene_demo/results/2026-10-10-visual-finish/evidence/control_author.json:68: trailing whitespace.
+    "request_sha256": "695744da2aa58efc93868a4c01d9ca6eb9bb48edeb18d11ee2e25cc3dd811694",
First_Phase/scene_demo/results/2026-10-10-visual-finish/evidence/control_author.json:69: trailing whitespace.
+    "response_sha256": "5cee5912f7313f5e97b2e0e0874d48ced4280e3b2712497687f8331cf033eac6",
First_Phase/scene_demo/results/2026-10-10-visual-finish/evidence/control_author.json:70: trailing whitespace.
+    "source_sha256": {
First_Phase/scene_demo/results/2026-10-10-visual-finish/evidence/control_author.json:71: trailing whitespace.
+      "sensors.py": "09da2b97360e828af07fa295b2f5edcf85cc388f3afdbf95475c5b1c3e30856b",
First_Phase/scene_demo/results/2026-10-10-visual-finish/evidence/control_author.json:72: trailing whitespace.
+      "tests/test_sensors.py": "304184416ed48439a17f83f2bb04f34a10a04a47d5535c571f0a3be81bb47549"
First_Phase/scene_demo/results/2026-10-10-visual-finish/evidence/control_author.json:73: trailing whitespace.
+    },
First_Phase/scene_demo/results/2026-10-10-visual-finish/evidence/control_author.json:74: trailing whitespace.
+    "mechanical_only": true,
First_Phase/scene_demo/results/2026-10-10-visual-finish/evidence/control_author.json:75: trailing whitespace.
+    "envelope_normalization": "unique raw_decode object; removed extra terminal brace outside source strings, preserved raw response",
First_Phase/scene_demo/results/2026-10-10-visual-finish/evidence/control_author.json:76: trailing whitespace.
+    "validation": {
First_Phase/scene_demo/results/2026-10-10-visual-finish/evidence/control_author.json:77: trailing whitespace.
+      "compile": {
First_Phase/scene_demo/results/2026-10-10-visual-finish/evidence/control_author.json:78: trailing whitespace.
+        "exit_code": 0,
First_Phase/scene_demo/results/2026-10-10-visual-finish/evidence/control_author.json:79: trailing whitespace.
+        "stdout": "SENSORS_COMPILE_PASS\n",
First_Phase/scene_demo/results/2026-10-10-visual-finish/evidence/control_author.json:80: trailing whitespace.
+        "command": "Windows Python -B py_compile sensors.py private cfile"
First_Phase/scene_demo/results/2026-10-10-visual-finish/evidence/control_author.json:81: trailing whitespace.
+      },
First_Phase/scene_demo/results/2026-10-10-visual-finish/evidence/control_author.json:82: trailing whitespace.
+      "windows_pytest": {
First_Phase/scene_demo/results/2026-10-10-visual-finish/evidence/control_author.json:83: trailing whitespace.
+        "exit_code": 1,
First_Phase/scene_demo/results/2026-10-10-visual-finish/evidence/control_author.json:84: trailing whitespace.
+        "stderr": "No module named pytest",
First_Phase/scene_demo/results/2026-10-10-visual-finish/evidence/control_author.json:85: trailing whitespace.
+        "dependencies_installed": false
First_Phase/scene_demo/results/2026-10-10-visual-finish/evidence/control_author.json:86: trailing whitespace.
+      },
First_Phase/scene_demo/results/2026-10-10-visual-finish/evidence/control_author.json:87: trailing whitespace.
+      "wsl_pytest": {
First_Phase/scene_demo/results/2026-10-10-visual-finish/evidence/control_author.json:88: trailing whitespace.
+        "exit_code": 0,
First_Phase/scene_demo/results/2026-10-10-visual-finish/evidence/control_author.json:89: trailing whitespace.
+        "stdout": "....                                                                     [100%]\n4 passed in 1.10s\n",
First_Phase/scene_demo/results/2026-10-10-visual-finish/evidence/control_author.json:90: trailing whitespace.
+        "command": "PYTHONDONTWRITEBYTECODE=1 PYTHONPATH=/mnt/d/FYP/First_Phase:/mnt/d/FYP/First_Phase/scene_demo/finish_v1 /home/yhwang/fyp/libero_demo/venv/bin/python -B -m pytest /mnt/d/FYP/First_Phase/scene_demo/finish_v1/tests/test_sensors.py -q -p no:cacheprovider"
First_Phase/scene_demo/results/2026-10-10-visual-finish/evidence/control_author.json:91: trailing whitespace.
+      },
First_Phase/scene_demo/results/2026-10-10-visual-finish/evidence/control_author.json:92: trailing whitespace.
+      "code_review": "REJECTED",
First_Phase/scene_demo/results/2026-10-10-visual-finish/evidence/control_author.json:93: trailing whitespace.
+      "contract_failures": [
First_Phase/scene_demo/results/2026-10-10-visual-finish/evidence/control_author.json:94: trailing whitespace.
+        "start never assigns _grip_orig, close reads it",
First_Phase/scene_demo/results/2026-10-10-visual-finish/evidence/control_author.json:95: trailing whitespace.
+        "robot_spheres calls scratch before _qpos_indexes initialized by ik",
First_Phase/scene_demo/results/2026-10-10-visual-finish/evidence/control_author.json:96: trailing whitespace.
+        "dq uses norm clip instead of per-axis fixed clip"
First_Phase/scene_demo/results/2026-10-10-visual-finish/evidence/control_author.json:97: trailing whitespace.
+      ]
First_Phase/scene_demo/results/2026-10-10-visual-finish/evidence/control_author.json:98: trailing whitespace.
+    }
First_Phase/scene_demo/results/2026-10-10-visual-finish/evidence/control_author.json:99: trailing whitespace.
+  },
First_Phase/scene_demo/results/2026-10-10-visual-finish/evidence/control_author.json:100: trailing whitespace.
+  "sensor_final_patch": {
First_Phase/scene_demo/results/2026-10-10-visual-finish/evidence/control_author.json:101: trailing whitespace.
+    "http": 200,
First_Phase/scene_demo/results/2026-10-10-visual-finish/evidence/control_author.json:102: trailing whitespace.
+    "model": "deepseek-flash",
First_Phase/scene_demo/results/2026-10-10-visual-finish/evidence/control_author.json:103: trailing whitespace.
+    "stop_reason": "end_turn",
First_Phase/scene_demo/results/2026-10-10-visual-finish/evidence/control_author.json:104: trailing whitespace.
+    "usage": {
First_Phase/scene_demo/results/2026-10-10-visual-finish/evidence/control_author.json:105: trailing whitespace.
+      "input_tokens": 4442,
First_Phase/scene_demo/results/2026-10-10-visual-finish/evidence/control_author.json:106: trailing whitespace.
+      "cache_creation_input_tokens": 0,
First_Phase/scene_demo/results/2026-10-10-visual-finish/evidence/control_author.json:107: trailing whitespace.
+      "cache_read_input_tokens": 0,
First_Phase/scene_demo/results/2026-10-10-visual-finish/evidence/control_author.json:108: trailing whitespace.
+      "output_tokens": 1069,
First_Phase/scene_demo/results/2026-10-10-visual-finish/evidence/control_author.json:109: trailing whitespace.
+      "service_tier": "standard"
First_Phase/scene_demo/results/2026-10-10-visual-finish/evidence/control_author.json:110: trailing whitespace.
+    },
First_Phase/scene_demo/results/2026-10-10-visual-finish/evidence/control_author.json:111: trailing whitespace.
+    "source_sha256": {
First_Phase/scene_demo/results/2026-10-10-visual-finish/evidence/control_author.json:112: trailing whitespace.
+      "sensors.py": "57708607731fe3bd9b58a11a03148193ade642d4d7a9b1b32790e29aa3363cba",
First_Phase/scene_demo/results/2026-10-10-visual-finish/evidence/control_author.json:113: trailing whitespace.
+      "test_sensors.py": "c26650a2494d6d24580306de32f7d0043fefcb912241d6edc8b436f3e46f6ba7"
First_Phase/scene_demo/results/2026-10-10-visual-finish/evidence/control_author.json:114: trailing whitespace.
+    },
First_Phase/scene_demo/results/2026-10-10-visual-finish/evidence/control_author.json:115: trailing whitespace.
+    "response_sha256": "1740b33a80ee889ada8bc5d99b3dcb8037002b3eda1af10f0d25103ce5e3d4c8",
First_Phase/scene_demo/results/2026-10-10-visual-finish/evidence/control_author.json:116: trailing whitespace.
+    "request_sha256": "7aa3725c7687fa96ec7323baf15cdbabd8261401555e3cfc6e62e70ff7264e91",
First_Phase/scene_demo/results/2026-10-10-visual-finish/evidence/control_author.json:117: trailing whitespace.
+    "mechanical_only": "AST function span replacements and unique test edit application"
First_Phase/scene_demo/results/2026-10-10-visual-finish/evidence/control_author.json:118: trailing whitespace.
+  },
First_Phase/scene_demo/results/2026-10-10-visual-finish/evidence/control_author.json:119: trailing whitespace.
+  "sensor_start_correction": {
First_Phase/scene_demo/results/2026-10-10-visual-finish/evidence/control_author.json:120: trailing whitespace.
+    "http": 200,
First_Phase/scene_demo/results/2026-10-10-visual-finish/evidence/control_author.json:121: trailing whitespace.
+    "model": "deepseek-flash",
First_Phase/scene_demo/results/2026-10-10-visual-finish/evidence/control_author.json:122: trailing whitespace.
+    "stop_reason": "end_turn",
First_Phase/scene_demo/results/2026-10-10-visual-finish/evidence/control_author.json:123: trailing whitespace.
+    "usage": {
First_Phase/scene_demo/results/2026-10-10-visual-finish/evidence/control_author.json:124: trailing whitespace.
+      "input_tokens": 397,
First_Phase/scene_demo/results/2026-10-10-visual-finish/evidence/control_author.json:125: trailing whitespace.
+      "cache_creation_input_tokens": 0,
First_Phase/scene_demo/results/2026-10-10-visual-finish/evidence/control_author.json:126: trailing whitespace.
+      "cache_read_input_tokens": 0,
First_Phase/scene_demo/results/2026-10-10-visual-finish/evidence/control_author.json:127: trailing whitespace.
+      "output_tokens": 502,
First_Phase/scene_demo/results/2026-10-10-visual-finish/evidence/control_author.json:128: trailing whitespace.
+      "service_tier": "standard"
First_Phase/scene_demo/results/2026-10-10-visual-finish/evidence/control_author.json:129: trailing whitespace.
+    },
First_Phase/scene_demo/results/2026-10-10-visual-finish/evidence/control_author.json:130: trailing whitespace.
+    "source_sha256": {
First_Phase/scene_demo/results/2026-10-10-visual-finish/evidence/control_author.json:131: trailing whitespace.
+      "sensors.py": "87110be98b2186383e645231b8e728d085c7edf79f50f273f2e0855fc3c8c83a",
First_Phase/scene_demo/results/2026-10-10-visual-finish/evidence/control_author.json:132: trailing whitespace.
+      "test_sensors.py": "1568191f0ea705a9629e531e88f31d401610e102f86330264530dc90cc7f71af"
First_Phase/scene_demo/results/2026-10-10-visual-finish/evidence/control_author.json:133: trailing whitespace.
+    },
First_Phase/scene_demo/results/2026-10-10-visual-finish/evidence/control_author.json:134: trailing whitespace.
+    "response_sha256": "529da4412d09bab4690d44c598ad47fcf658b317819729f7020b6507ee390631",
First_Phase/scene_demo/results/2026-10-10-visual-finish/evidence/control_author.json:135: trailing whitespace.
+    "request_sha256": "1f9fd1ee05ddd1ede62111b16c7f4136d718194e9db43ca98ac001a33959dd30",
First_Phase/scene_demo/results/2026-10-10-visual-finish/evidence/control_author.json:136: trailing whitespace.
+    "mechanical_only": "AST start span replacement, exact test mock signature normalization, append DS failure test",
First_Phase/scene_demo/results/2026-10-10-visual-finish/evidence/control_author.json:137: trailing whitespace.
+    "class_indent_normalization": "DeepSeek top-level function mechanically indented four spaces into SensorPort; function logic unchanged",
First_Phase/scene_demo/results/2026-10-10-visual-finish/evidence/control_author.json:138: trailing whitespace.
+    "validation": {
First_Phase/scene_demo/results/2026-10-10-visual-finish/evidence/control_author.json:139: trailing whitespace.
+      "compile_exit": 0,
First_Phase/scene_demo/results/2026-10-10-visual-finish/evidence/control_author.json:140: trailing whitespace.
+      "compile_stdout": "SENSORS_COMPILE_PASS",
First_Phase/scene_demo/results/2026-10-10-visual-finish/evidence/control_author.json:141: trailing whitespace.
+      "first_test_exit": 1,
First_Phase/scene_demo/results/2026-10-10-visual-finish/evidence/control_author.json:142: trailing whitespace.
+      "first_test_summary": "6 failed in 1.12s; function class indentation application error",
First_Phase/scene_demo/results/2026-10-10-visual-finish/evidence/control_author.json:143: trailing whitespace.
+      "test_exit": 0,
First_Phase/scene_demo/results/2026-10-10-visual-finish/evidence/control_author.json:144: trailing whitespace.
+      "test_stdout": "......                                                                   [100%]\n6 passed in 1.04s\n",
First_Phase/scene_demo/results/2026-10-10-visual-finish/evidence/control_author.json:145: trailing whitespace.
+      "other_methods_ast_unchanged": true,
First_Phase/scene_demo/results/2026-10-10-visual-finish/evidence/control_author.json:146: trailing whitespace.
+      "changed_methods": [
First_Phase/scene_demo/results/2026-10-10-visual-finish/evidence/control_author.json:147: trailing whitespace.
+        "start",
First_Phase/scene_demo/results/2026-10-10-visual-finish/evidence/control_author.json:148: trailing whitespace.
+        "_scratch"
First_Phase/scene_demo/results/2026-10-10-visual-finish/evidence/control_author.json:149: trailing whitespace.
+      ],
First_Phase/scene_demo/results/2026-10-10-visual-finish/evidence/control_author.json:150: trailing whitespace.
+      "physical_actions": 0,
First_Phase/scene_demo/results/2026-10-10-visual-finish/evidence/control_author.json:151: trailing whitespace.
+      "iq_clip_policy": "norm clip <=0.015 retained as accepted more conservative policy"
First_Phase/scene_demo/results/2026-10-10-visual-finish/evidence/control_author.json:152: trailing whitespace.
+    }
First_Phase/scene_demo/results/2026-10-10-visual-finish/evidence/control_author.json:153: trailing whitespace.
+  }
First_Phase/scene_demo/results/2026-10-10-visual-finish/evidence/control_author.json:154: trailing whitespace.
+}
First_Phase/scene_demo/results/2026-10-10-visual-finish/evidence/final_preflight.log:1: trailing whitespace.
+{"ok": true, "intent": "new_experiment", "matched_history_ids": ["20261007-placement"], "exact_duplicate_ids": [], "warnings": ["multiple_changed_factors"], "scientific_review_required": true, "launch_authorized": false}
First_Phase/scene_demo/results/2026-10-10-visual-finish/evidence/finish_control_author.json:1: trailing whitespace.
+{
First_Phase/scene_demo/results/2026-10-10-visual-finish/evidence/finish_control_author.json:2: trailing whitespace.
+  "http_status": 200,
First_Phase/scene_demo/results/2026-10-10-visual-finish/evidence/finish_control_author.json:3: trailing whitespace.
+  "model": "deepseek-flash",
First_Phase/scene_demo/results/2026-10-10-visual-finish/evidence/finish_control_author.json:4: trailing whitespace.
+  "usage": {
First_Phase/scene_demo/results/2026-10-10-visual-finish/evidence/finish_control_author.json:5: trailing whitespace.
+    "input_tokens": 1647,
First_Phase/scene_demo/results/2026-10-10-visual-finish/evidence/finish_control_author.json:6: trailing whitespace.
+    "cache_creation_input_tokens": 0,
First_Phase/scene_demo/results/2026-10-10-visual-finish/evidence/finish_control_author.json:7: trailing whitespace.
+    "cache_read_input_tokens": 0,
First_Phase/scene_demo/results/2026-10-10-visual-finish/evidence/finish_control_author.json:8: trailing whitespace.
+    "output_tokens": 5634,
First_Phase/scene_demo/results/2026-10-10-visual-finish/evidence/finish_control_author.json:9: trailing whitespace.
+    "service_tier": "standard"
First_Phase/scene_demo/results/2026-10-10-visual-finish/evidence/finish_control_author.json:10: trailing whitespace.
+  },
First_Phase/scene_demo/results/2026-10-10-visual-finish/evidence/finish_control_author.json:11: trailing whitespace.
+  "stop_reason": "end_turn",
First_Phase/scene_demo/results/2026-10-10-visual-finish/evidence/finish_control_author.json:12: trailing whitespace.
+  "request_sha256": "efd824c566278f980a57a372573d95391adaafc63defd2c5efbabd4fcbf1bacf",
First_Phase/scene_demo/results/2026-10-10-visual-finish/evidence/finish_control_author.json:13: trailing whitespace.
+  "response_sha256": "d93e35a4236cd711d795dafff53528e2dff43e87b16292b3a4df11d7b6f896bb",
First_Phase/scene_demo/results/2026-10-10-visual-finish/evidence/finish_control_author.json:14: trailing whitespace.
+  "accepted": false,
First_Phase/scene_demo/results/2026-10-10-visual-finish/evidence/finish_control_author.json:15: trailing whitespace.
+  "applied": false,
First_Phase/scene_demo/results/2026-10-10-visual-finish/evidence/finish_control_author.json:16: trailing whitespace.
+  "candidate_files": {
First_Phase/scene_demo/results/2026-10-10-visual-finish/evidence/finish_control_author.json:17: trailing whitespace.
+    "First_Phase/scene_demo/finish_v1/control.py": {
First_Phase/scene_demo/results/2026-10-10-visual-finish/evidence/finish_control_author.json:18: trailing whitespace.
+      "lines": 334,
First_Phase/scene_demo/results/2026-10-10-visual-finish/evidence/finish_control_author.json:19: trailing whitespace.
+      "sha256": "1b7c9c9c3a29e7ea0f3d42c2ab559fa3ffc6edaa3c6b732ce56ec22e7c3f25e0"
First_Phase/scene_demo/results/2026-10-10-visual-finish/evidence/finish_control_author.json:20: trailing whitespace.
+    },
First_Phase/scene_demo/results/2026-10-10-visual-finish/evidence/finish_control_author.json:21: trailing whitespace.
+    "First_Phase/scene_demo/finish_v1/tests/test_control.py": {
First_Phase/scene_demo/results/2026-10-10-visual-finish/evidence/finish_control_author.json:22: trailing whitespace.
+      "lines": 78,
First_Phase/scene_demo/results/2026-10-10-visual-finish/evidence/finish_control_author.json:23: trailing whitespace.
+      "sha256": "f98a734887ad2a54986034afe8386b1cb151a35d234a44b2b4b97ed02f05a6da"
First_Phase/scene_demo/results/2026-10-10-visual-finish/evidence/finish_control_author.json:24: trailing whitespace.
+    }
First_Phase/scene_demo/results/2026-10-10-visual-finish/evidence/finish_control_author.json:25: trailing whitespace.
+  },
First_Phase/scene_demo/results/2026-10-10-visual-finish/evidence/finish_control_author.json:26: trailing whitespace.
+  "rejection_reasons": [
First_Phase/scene_demo/results/2026-10-10-visual-finish/evidence/finish_control_author.json:27: trailing whitespace.
+    "control module334 lines exceeds320 limit",
First_Phase/scene_demo/results/2026-10-10-visual-finish/evidence/finish_control_author.json:28: trailing whitespace.
+    "clouds uses imageio instead of np.load and ignores K inverse",
First_Phase/scene_demo/results/2026-10-10-visual-finish/evidence/finish_control_author.json:29: trailing whitespace.
+    "screen wrong nested path shape and no decreasing-clearance enforcement",
First_Phase/scene_demo/results/2026-10-10-visual-finish/evidence/finish_control_author.json:30: trailing whitespace.
+    "plan ignores bbox and never screens route",
First_Phase/scene_demo/results/2026-10-10-visual-finish/evidence/finish_control_author.json:31: trailing whitespace.
+    "release counts without actions and does not require5posts",
First_Phase/scene_demo/results/2026-10-10-visual-finish/evidence/finish_control_author.json:32: trailing whitespace.
+    "home fake context reference and no route screen/5posts"
First_Phase/scene_demo/results/2026-10-10-visual-finish/evidence/finish_control_author.json:33: trailing whitespace.
+  ],
First_Phase/scene_demo/results/2026-10-10-visual-finish/evidence/finish_control_author.json:34: trailing whitespace.
+  "geometry_attempt": {
First_Phase/scene_demo/results/2026-10-10-visual-finish/evidence/finish_control_author.json:35: trailing whitespace.
+    "http_status": 200,
First_Phase/scene_demo/results/2026-10-10-visual-finish/evidence/finish_control_author.json:36: trailing whitespace.
+    "model": "deepseek-flash",
First_Phase/scene_demo/results/2026-10-10-visual-finish/evidence/finish_control_author.json:37: trailing whitespace.
+    "usage": {
First_Phase/scene_demo/results/2026-10-10-visual-finish/evidence/finish_control_author.json:38: trailing whitespace.
+      "input_tokens": 686,
First_Phase/scene_demo/results/2026-10-10-visual-finish/evidence/finish_control_author.json:39: trailing whitespace.
+      "cache_creation_input_tokens": 0,
First_Phase/scene_demo/results/2026-10-10-visual-finish/evidence/finish_control_author.json:40: trailing whitespace.
+      "cache_read_input_tokens": 0,
First_Phase/scene_demo/results/2026-10-10-visual-finish/evidence/finish_control_author.json:41: trailing whitespace.
+      "output_tokens": 3500,
First_Phase/scene_demo/results/2026-10-10-visual-finish/evidence/finish_control_author.json:42: trailing whitespace.
+      "service_tier": "standard"
First_Phase/scene_demo/results/2026-10-10-visual-finish/evidence/finish_control_author.json:43: trailing whitespace.
+    },
First_Phase/scene_demo/results/2026-10-10-visual-finish/evidence/finish_control_author.json:44: trailing whitespace.
+    "stop_reason": "max_tokens",
First_Phase/scene_demo/results/2026-10-10-visual-finish/evidence/finish_control_author.json:45: trailing whitespace.
+    "request_sha256": "09dccb534389860c72ff658e84490909eb94978f3465125682fc12d5a079611b",
First_Phase/scene_demo/results/2026-10-10-visual-finish/evidence/finish_control_author.json:46: trailing whitespace.
+    "response_sha256": "e5667a3c20f733802317c2cae1d83d32d9b14de0fee15b9b26234ae09728dc87",
First_Phase/scene_demo/results/2026-10-10-visual-finish/evidence/finish_control_author.json:47: trailing whitespace.
+    "accepted": false,
First_Phase/scene_demo/results/2026-10-10-visual-finish/evidence/finish_control_author.json:48: trailing whitespace.
+    "applied": false,
First_Phase/scene_demo/results/2026-10-10-visual-finish/evidence/finish_control_author.json:49: trailing whitespace.
+    "reason": "max_tokens3500 truncated Python block instead of complete JSON mapping"
First_Phase/scene_demo/results/2026-10-10-visual-finish/evidence/finish_control_author.json:50: trailing whitespace.
+  },
First_Phase/scene_demo/results/2026-10-10-visual-finish/evidence/finish_control_author.json:51: trailing whitespace.
+  "plan_attempt": {
First_Phase/scene_demo/results/2026-10-10-visual-finish/evidence/finish_control_author.json:52: trailing whitespace.
+    "http_status": 200,
First_Phase/scene_demo/results/2026-10-10-visual-finish/evidence/finish_control_author.json:53: trailing whitespace.
+    "model": "deepseek-flash",
First_Phase/scene_demo/results/2026-10-10-visual-finish/evidence/finish_control_author.json:54: trailing whitespace.
+    "usage": {
First_Phase/scene_demo/results/2026-10-10-visual-finish/evidence/finish_control_author.json:55: trailing whitespace.
+      "input_tokens": 582,
First_Phase/scene_demo/results/2026-10-10-visual-finish/evidence/finish_control_author.json:56: trailing whitespace.
+      "cache_creation_input_tokens": 0,
First_Phase/scene_demo/results/2026-10-10-visual-finish/evidence/finish_control_author.json:57: trailing whitespace.
+      "cache_read_input_tokens": 0,
First_Phase/scene_demo/results/2026-10-10-visual-finish/evidence/finish_control_author.json:58: trailing whitespace.
+      "output_tokens": 2500,
First_Phase/scene_demo/results/2026-10-10-visual-finish/evidence/finish_control_author.json:59: trailing whitespace.
+      "service_tier": "standard"
First_Phase/scene_demo/results/2026-10-10-visual-finish/evidence/finish_control_author.json:60: trailing whitespace.
+    },
First_Phase/scene_demo/results/2026-10-10-visual-finish/evidence/finish_control_author.json:61: trailing whitespace.
+    "stop_reason": "max_tokens",
First_Phase/scene_demo/results/2026-10-10-visual-finish/evidence/finish_control_author.json:62: trailing whitespace.
+    "request_sha256": "7d17fbf98fe4bee3d0ddc56b8f0dee1e0014850e90382b2f5bce8e915a08ed58",
First_Phase/scene_demo/results/2026-10-10-visual-finish/evidence/finish_control_author.json:63: trailing whitespace.
+    "response_sha256": "f5482fefc9e48d0595d0a4df4f175fb89620b85795277e5c3a44128723b87069",
First_Phase/scene_demo/results/2026-10-10-visual-finish/evidence/finish_control_author.json:64: trailing whitespace.
+    "accepted": false,
First_Phase/scene_demo/results/2026-10-10-visual-finish/evidence/finish_control_author.json:65: trailing whitespace.
+    "applied": false,
First_Phase/scene_demo/results/2026-10-10-visual-finish/evidence/finish_control_author.json:66: trailing whitespace.
+    "reason": "truncated source/JSON mapping; no complete module"
First_Phase/scene_demo/results/2026-10-10-visual-finish/evidence/finish_control_author.json:67: trailing whitespace.
+  },
First_Phase/scene_demo/results/2026-10-10-visual-finish/evidence/finish_control_author.json:68: trailing whitespace.
+  "phase_attempt": {
First_Phase/scene_demo/results/2026-10-10-visual-finish/evidence/finish_control_author.json:69: trailing whitespace.
+    "http_status": 200,
First_Phase/scene_demo/results/2026-10-10-visual-finish/evidence/finish_control_author.json:70: trailing whitespace.
+    "model": "deepseek-flash",
First_Phase/scene_demo/results/2026-10-10-visual-finish/evidence/finish_control_author.json:71: trailing whitespace.
+    "usage": {
First_Phase/scene_demo/results/2026-10-10-visual-finish/evidence/finish_control_author.json:72: trailing whitespace.
+      "input_tokens": 1118,
First_Phase/scene_demo/results/2026-10-10-visual-finish/evidence/finish_control_author.json:73: trailing whitespace.
+      "cache_creation_input_tokens": 0,
First_Phase/scene_demo/results/2026-10-10-visual-finish/evidence/finish_control_author.json:74: trailing whitespace.
+      "cache_read_input_tokens": 0,
First_Phase/scene_demo/results/2026-10-10-visual-finish/evidence/finish_control_author.json:75: trailing whitespace.
+      "output_tokens": 3500,
First_Phase/scene_demo/results/2026-10-10-visual-finish/evidence/finish_control_author.json:76: trailing whitespace.
+      "service_tier": "standard"
First_Phase/scene_demo/results/2026-10-10-visual-finish/evidence/finish_control_author.json:77: trailing whitespace.
+    },
First_Phase/scene_demo/results/2026-10-10-visual-finish/evidence/finish_control_author.json:78: trailing whitespace.
+    "stop_reason": "max_tokens",
First_Phase/scene_demo/results/2026-10-10-visual-finish/evidence/finish_control_author.json:79: trailing whitespace.
+    "request_sha256": "41a6cd710a3d9c3ab94e12760f1a983bab912500c3d9f0d542493446728a15d8",
First_Phase/scene_demo/results/2026-10-10-visual-finish/evidence/finish_control_author.json:80: trailing whitespace.
+    "response_sha256": "9049e9c94b34866b13673ca37750bd1c516ea12a928aaba11353dfa90f7a14b1",
First_Phase/scene_demo/results/2026-10-10-visual-finish/evidence/finish_control_author.json:81: trailing whitespace.
+    "accepted": false,
First_Phase/scene_demo/results/2026-10-10-visual-finish/evidence/finish_control_author.json:82: trailing whitespace.
+    "applied": false,
First_Phase/scene_demo/results/2026-10-10-visual-finish/evidence/finish_control_author.json:83: trailing whitespace.
+    "reason": "truncated source/JSON mapping; no complete module"
First_Phase/scene_demo/results/2026-10-10-visual-finish/evidence/finish_control_author.json:84: trailing whitespace.
+  },
First_Phase/scene_demo/results/2026-10-10-visual-finish/evidence/finish_control_author.json:85: trailing whitespace.
+  "geometry_prefix_extraction": {
First_Phase/scene_demo/results/2026-10-10-visual-finish/evidence/finish_control_author.json:86: trailing whitespace.
+    "functions": [
First_Phase/scene_demo/results/2026-10-10-visual-finish/evidence/finish_control_author.json:87: trailing whitespace.
+      "clouds",
First_Phase/scene_demo/results/2026-10-10-visual-finish/evidence/finish_control_author.json:88: trailing whitespace.
+      "_sphere_fields",
First_Phase/scene_demo/results/2026-10-10-visual-finish/evidence/finish_control_author.json:89: trailing whitespace.
+      "screen"
First_Phase/scene_demo/results/2026-10-10-visual-finish/evidence/finish_control_author.json:90: trailing whitespace.
+    ],
First_Phase/scene_demo/results/2026-10-10-visual-finish/evidence/finish_control_author.json:91: trailing whitespace.
+    "sha256": "f4ff402f184db5995161216a031a77cd974b4b0753c9ad72089875dc54355438",
First_Phase/scene_demo/results/2026-10-10-visual-finish/evidence/finish_control_author.json:92: trailing whitespace.
+    "applied": false,
First_Phase/scene_demo/results/2026-10-10-visual-finish/evidence/finish_control_author.json:93: trailing whitespace.
+    "authorization": "GPT reviewed and authorized complete function extraction"
First_Phase/scene_demo/results/2026-10-10-visual-finish/evidence/finish_control_author.json:94: trailing whitespace.
+  },
First_Phase/scene_demo/results/2026-10-10-visual-finish/evidence/finish_control_author.json:95: trailing whitespace.
+  "phase6000_attempt": {
First_Phase/scene_demo/results/2026-10-10-visual-finish/evidence/finish_control_author.json:96: trailing whitespace.
+    "http_status": 200,
First_Phase/scene_demo/results/2026-10-10-visual-finish/evidence/finish_control_author.json:97: trailing whitespace.
+    "model": "deepseek-flash",
First_Phase/scene_demo/results/2026-10-10-visual-finish/evidence/finish_control_author.json:98: trailing whitespace.
+    "usage": {
First_Phase/scene_demo/results/2026-10-10-visual-finish/evidence/finish_control_author.json:99: trailing whitespace.
+      "input_tokens": 1118,
First_Phase/scene_demo/results/2026-10-10-visual-finish/evidence/finish_control_author.json:100: trailing whitespace.
+      "cache_creation_input_tokens": 0,
First_Phase/scene_demo/results/2026-10-10-visual-finish/evidence/finish_control_author.json:101: trailing whitespace.
+      "cache_read_input_tokens": 0,
First_Phase/scene_demo/results/2026-10-10-visual-finish/evidence/finish_control_author.json:102: trailing whitespace.
+      "output_tokens": 2982,
First_Phase/scene_demo/results/2026-10-10-visual-finish/evidence/finish_control_author.json:103: trailing whitespace.
+      "service_tier": "standard"
First_Phase/scene_demo/results/2026-10-10-visual-finish/evidence/finish_control_author.json:104: trailing whitespace.
+    },
First_Phase/scene_demo/results/2026-10-10-visual-finish/evidence/finish_control_author.json:105: trailing whitespace.
+    "stop_reason": "end_turn",
First_Phase/scene_demo/results/2026-10-10-visual-finish/evidence/finish_control_author.json:106: trailing whitespace.
+    "request_sha256": "73f3ad41cfa6d4b5781b7811285e1206c0e46a839fe1c09eadbe213f414922c9",
First_Phase/scene_demo/results/2026-10-10-visual-finish/evidence/finish_control_author.json:107: trailing whitespace.
+    "response_sha256": "18765e15e6ac304b9ba497b54dc21efb8f217ddbd5c503ebedb21b1a1885cc74",
First_Phase/scene_demo/results/2026-10-10-visual-finish/evidence/finish_control_author.json:108: trailing whitespace.
+    "accepted": false,
First_Phase/scene_demo/results/2026-10-10-visual-finish/evidence/finish_control_author.json:109: trailing whitespace.
+    "applied": false,
First_Phase/scene_demo/results/2026-10-10-visual-finish/evidence/finish_control_author.json:110: trailing whitespace.
+    "text_characters": 11640,
First_Phase/scene_demo/results/2026-10-10-visual-finish/evidence/finish_control_author.json:111: trailing whitespace.
+    "reason": "no complete parseable file mapping"
First_Phase/scene_demo/results/2026-10-10-visual-finish/evidence/finish_control_author.json:112: trailing whitespace.
+  },
First_Phase/scene_demo/results/2026-10-10-visual-finish/evidence/finish_control_author.json:113: trailing whitespace.
+  "plan_thinking_attempt": {
First_Phase/scene_demo/results/2026-10-10-visual-finish/evidence/finish_control_author.json:114: trailing whitespace.
+    "http_status": 200,
First_Phase/scene_demo/results/2026-10-10-visual-finish/evidence/finish_control_author.json:115: trailing whitespace.
+    "model": "deepseek-flash",
First_Phase/scene_demo/results/2026-10-10-visual-finish/evidence/finish_control_author.json:116: trailing whitespace.
+    "usage": {
First_Phase/scene_demo/results/2026-10-10-visual-finish/evidence/finish_control_author.json:117: trailing whitespace.
+      "input_tokens": 608,
First_Phase/scene_demo/results/2026-10-10-visual-finish/evidence/finish_control_author.json:118: trailing whitespace.
+      "cache_creation_input_tokens": 0,
First_Phase/scene_demo/results/2026-10-10-visual-finish/evidence/finish_control_author.json:119: trailing whitespace.
+      "cache_read_input_tokens": 0,
First_Phase/scene_demo/results/2026-10-10-visual-finish/evidence/finish_control_author.json:120: trailing whitespace.
+      "output_tokens": 12000,
First_Phase/scene_demo/results/2026-10-10-visual-finish/evidence/finish_control_author.json:121: trailing whitespace.
+      "service_tier": "standard"
First_Phase/scene_demo/results/2026-10-10-visual-finish/evidence/finish_control_author.json:122: trailing whitespace.
+    },
First_Phase/scene_demo/results/2026-10-10-visual-finish/evidence/finish_control_author.json:123: trailing whitespace.
+    "stop_reason": "max_tokens",
First_Phase/scene_demo/results/2026-10-10-visual-finish/evidence/finish_control_author.json:124: trailing whitespace.
+    "request_sha256": "f3cac5030e9844a01a2add7c37124b3bc43ec2dfddcd96ca5f387ea6b6cdae1f",
First_Phase/scene_demo/results/2026-10-10-visual-finish/evidence/finish_control_author.json:125: trailing whitespace.
+    "response_sha256": "9428e3333a24f12774c0bc5519955c2afef9ecc54b2b569916d4f66596530e3d",
First_Phase/scene_demo/results/2026-10-10-visual-finish/evidence/finish_control_author.json:126: trailing whitespace.
+    "accepted": false,
First_Phase/scene_demo/results/2026-10-10-visual-finish/evidence/finish_control_author.json:127: trailing whitespace.
+    "applied": false,
First_Phase/scene_demo/results/2026-10-10-visual-finish/evidence/finish_control_author.json:128: trailing whitespace.
+    "text_characters": 0,
First_Phase/scene_demo/results/2026-10-10-visual-finish/evidence/finish_control_author.json:129: trailing whitespace.
+    "reason": "no complete parseable file mapping"
First_Phase/scene_demo/results/2026-10-10-visual-finish/evidence/finish_control_author.json:130: trailing whitespace.
+  },
First_Phase/scene_demo/results/2026-10-10-visual-finish/evidence/finish_control_author.json:131: trailing whitespace.
+  "phase_thinking_attempt": {
First_Phase/scene_demo/results/2026-10-10-visual-finish/evidence/finish_control_author.json:132: trailing whitespace.
+    "http_status": 200,
First_Phase/scene_demo/results/2026-10-10-visual-finish/evidence/finish_control_author.json:133: trailing whitespace.
+    "model": "deepseek-flash",
First_Phase/scene_demo/results/2026-10-10-visual-finish/evidence/finish_control_author.json:134: trailing whitespace.
+    "usage": {
First_Phase/scene_demo/results/2026-10-10-visual-finish/evidence/finish_control_author.json:135: trailing whitespace.
+      "input_tokens": 1144,
First_Phase/scene_demo/results/2026-10-10-visual-finish/evidence/finish_control_author.json:136: trailing whitespace.
+      "cache_creation_input_tokens": 0,
First_Phase/scene_demo/results/2026-10-10-visual-finish/evidence/finish_control_author.json:137: trailing whitespace.
+      "cache_read_input_tokens": 0,
First_Phase/scene_demo/results/2026-10-10-visual-finish/evidence/finish_control_author.json:138: trailing whitespace.
+      "output_tokens": 12000,
First_Phase/scene_demo/results/2026-10-10-visual-finish/evidence/finish_control_author.json:139: trailing whitespace.
+      "service_tier": "standard"
First_Phase/scene_demo/results/2026-10-10-visual-finish/evidence/finish_control_author.json:140: trailing whitespace.
+    },
First_Phase/scene_demo/results/2026-10-10-visual-finish/evidence/finish_control_author.json:141: trailing whitespace.
+    "stop_reason": "max_tokens",
First_Phase/scene_demo/results/2026-10-10-visual-finish/evidence/finish_control_author.json:142: trailing whitespace.
+    "request_sha256": "76c23b5d5e9a68ac07795bbff095624397d8bd9c41c273906d17bbc24ca16e5b",
First_Phase/scene_demo/results/2026-10-10-visual-finish/evidence/finish_control_author.json:143: trailing whitespace.
+    "response_sha256": "d38ad3dbf14871cf44f32f3eac76c6e7ef19e742dbbe025f80e9bd92f14caeb4",
First_Phase/scene_demo/results/2026-10-10-visual-finish/evidence/finish_control_author.json:144: trailing whitespace.
+    "accepted": false,
First_Phase/scene_demo/results/2026-10-10-visual-finish/evidence/finish_control_author.json:145: trailing whitespace.
+    "applied": false,
First_Phase/scene_demo/results/2026-10-10-visual-finish/evidence/finish_control_author.json:146: trailing whitespace.
+    "text_characters": 0,
First_Phase/scene_demo/results/2026-10-10-visual-finish/evidence/finish_control_author.json:147: trailing whitespace.
+    "reason": "no complete parseable file mapping"
First_Phase/scene_demo/results/2026-10-10-visual-finish/evidence/finish_control_author.json:148: trailing whitespace.
+  },
First_Phase/scene_demo/results/2026-10-10-visual-finish/evidence/finish_control_author.json:149: trailing whitespace.
+  "plan_effort_attempt": {
First_Phase/scene_demo/results/2026-10-10-visual-finish/evidence/finish_control_author.json:150: trailing whitespace.
+    "http_status": 200,
First_Phase/scene_demo/results/2026-10-10-visual-finish/evidence/finish_control_author.json:151: trailing whitespace.
+    "model": "deepseek-flash",
First_Phase/scene_demo/results/2026-10-10-visual-finish/evidence/finish_control_author.json:152: trailing whitespace.
+    "usage": {
First_Phase/scene_demo/results/2026-10-10-visual-finish/evidence/finish_control_author.json:153: trailing whitespace.
+      "input_tokens": 608,
First_Phase/scene_demo/results/2026-10-10-visual-finish/evidence/finish_control_author.json:154: trailing whitespace.
+      "cache_creation_input_tokens": 0,
First_Phase/scene_demo/results/2026-10-10-visual-finish/evidence/finish_control_author.json:155: trailing whitespace.
+      "cache_read_input_tokens": 0,
First_Phase/scene_demo/results/2026-10-10-visual-finish/evidence/finish_control_author.json:156: trailing whitespace.
+      "output_tokens": 16000,
First_Phase/scene_demo/results/2026-10-10-visual-finish/evidence/finish_control_author.json:157: trailing whitespace.
+      "service_tier": "standard"
First_Phase/scene_demo/results/2026-10-10-visual-finish/evidence/finish_control_author.json:158: trailing whitespace.
+    },
First_Phase/scene_demo/results/2026-10-10-visual-finish/evidence/finish_control_author.json:159: trailing whitespace.
+    "stop_reason": "max_tokens",
First_Phase/scene_demo/results/2026-10-10-visual-finish/evidence/finish_control_author.json:160: trailing whitespace.
+    "request_sha256": "66d32f3dd3c10e221c53d648cf828472c7a0b1ffcae54519f648023fb1c974c3",
First_Phase/scene_demo/results/2026-10-10-visual-finish/evidence/finish_control_author.json:161: trailing whitespace.
+    "response_sha256": "5bd40d50abe9b6bd1b0c8105e964743ea1fb0e82850b2e03835bf910f3376b25",
First_Phase/scene_demo/results/2026-10-10-visual-finish/evidence/finish_control_author.json:162: trailing whitespace.
+    "request_parameters": {
First_Phase/scene_demo/results/2026-10-10-visual-finish/evidence/finish_control_author.json:163: trailing whitespace.
+      "thinking": {
First_Phase/scene_demo/results/2026-10-10-visual-finish/evidence/finish_control_author.json:164: trailing whitespace.
+        "type": "enabled"
First_Phase/scene_demo/results/2026-10-10-visual-finish/evidence/finish_control_author.json:165: trailing whitespace.
+      },
First_Phase/scene_demo/results/2026-10-10-visual-finish/evidence/finish_control_author.json:166: trailing whitespace.
+      "output_config": {
First_Phase/scene_demo/results/2026-10-10-visual-finish/evidence/finish_control_author.json:167: trailing whitespace.
+        "effort": "low"
First_Phase/scene_demo/results/2026-10-10-visual-finish/evidence/finish_control_author.json:168: trailing whitespace.
+      },
First_Phase/scene_demo/results/2026-10-10-visual-finish/evidence/finish_control_author.json:169: trailing whitespace.
+      "max_tokens": 16000
First_Phase/scene_demo/results/2026-10-10-visual-finish/evidence/finish_control_author.json:170: trailing whitespace.
+    },
First_Phase/scene_demo/results/2026-10-10-visual-finish/evidence/finish_control_author.json:171: trailing whitespace.
+    "accepted": false,
First_Phase/scene_demo/results/2026-10-10-visual-finish/evidence/finish_control_author.json:172: trailing whitespace.
+    "applied": false,
First_Phase/scene_demo/results/2026-10-10-visual-finish/evidence/finish_control_author.json:173: trailing whitespace.
+    "text_characters": 0,
First_Phase/scene_demo/results/2026-10-10-visual-finish/evidence/finish_control_author.json:174: trailing whitespace.
+    "reason": "no complete parseable source mapping"
First_Phase/scene_demo/results/2026-10-10-visual-finish/evidence/finish_control_author.json:175: trailing whitespace.
+  },
First_Phase/scene_demo/results/2026-10-10-visual-finish/evidence/finish_control_author.json:176: trailing whitespace.
+  "phase_effort_attempt": {
First_Phase/scene_demo/results/2026-10-10-visual-finish/evidence/finish_control_author.json:177: trailing whitespace.
+    "http_status": 200,
First_Phase/scene_demo/results/2026-10-10-visual-finish/evidence/finish_control_author.json:178: trailing whitespace.
+    "model": "deepseek-flash",
First_Phase/scene_demo/results/2026-10-10-visual-finish/evidence/finish_control_author.json:179: trailing whitespace.
+    "usage": {
First_Phase/scene_demo/results/2026-10-10-visual-finish/evidence/finish_control_author.json:180: trailing whitespace.
+      "input_tokens": 1144,
First_Phase/scene_demo/results/2026-10-10-visual-finish/evidence/finish_control_author.json:181: trailing whitespace.
+      "cache_creation_input_tokens": 0,
First_Phase/scene_demo/results/2026-10-10-visual-finish/evidence/finish_control_author.json:182: trailing whitespace.
+      "cache_read_input_tokens": 0,
First_Phase/scene_demo/results/2026-10-10-visual-finish/evidence/finish_control_author.json:183: trailing whitespace.
+      "output_tokens": 16000,
First_Phase/scene_demo/results/2026-10-10-visual-finish/evidence/finish_control_author.json:184: trailing whitespace.
+      "service_tier": "standard"
First_Phase/scene_demo/results/2026-10-10-visual-finish/evidence/finish_control_author.json:185: trailing whitespace.
+    },
First_Phase/scene_demo/results/2026-10-10-visual-finish/evidence/finish_control_author.json:186: trailing whitespace.
+    "stop_reason": "max_tokens",
First_Phase/scene_demo/results/2026-10-10-visual-finish/evidence/finish_control_author.json:187: trailing whitespace.
+    "request_sha256": "5d9c6211fc747e7a1473d7841b99b22ba6b1b3840e2ed5a29e5a2026a4551ee1",
First_Phase/scene_demo/results/2026-10-10-visual-finish/evidence/finish_control_author.json:188: trailing whitespace.
+    "response_sha256": "4bd7cc8cf6d16b9bbab69f67342c11ba9332c8a58e4a5af98f764dc0fe7477a1",
First_Phase/scene_demo/results/2026-10-10-visual-finish/evidence/finish_control_author.json:189: trailing whitespace.
+    "request_parameters": {
First_Phase/scene_demo/results/2026-10-10-visual-finish/evidence/finish_control_author.json:190: trailing whitespace.
+      "thinking": {
First_Phase/scene_demo/results/2026-10-10-visual-finish/evidence/finish_control_author.json:191: trailing whitespace.
+        "type": "enabled"
First_Phase/scene_demo/results/2026-10-10-visual-finish/evidence/finish_control_author.json:192: trailing whitespace.
+      },
First_Phase/scene_demo/results/2026-10-10-visual-finish/evidence/finish_control_author.json:193: trailing whitespace.
+      "output_config": {
First_Phase/scene_demo/results/2026-10-10-visual-finish/evidence/finish_control_author.json:194: trailing whitespace.
+        "effort": "low"
First_Phase/scene_demo/results/2026-10-10-visual-finish/evidence/finish_control_author.json:195: trailing whitespace.
+      },
First_Phase/scene_demo/results/2026-10-10-visual-finish/evidence/finish_control_author.json:196: trailing whitespace.
+      "max_tokens": 16000
First_Phase/scene_demo/results/2026-10-10-visual-finish/evidence/finish_control_author.json:197: trailing whitespace.
+    },
First_Phase/scene_demo/results/2026-10-10-visual-finish/evidence/finish_control_author.json:198: trailing whitespace.
+    "accepted": false,
First_Phase/scene_demo/results/2026-10-10-visual-finish/evidence/finish_control_author.json:199: trailing whitespace.
+    "applied": false,
First_Phase/scene_demo/results/2026-10-10-visual-finish/evidence/finish_control_author.json:200: trailing whitespace.
+    "text_characters": 0,
First_Phase/scene_demo/results/2026-10-10-visual-finish/evidence/finish_control_author.json:201: trailing whitespace.
+    "reason": "no complete parseable source mapping"
First_Phase/scene_demo/results/2026-10-10-visual-finish/evidence/finish_control_author.json:202: trailing whitespace.
+  },
First_Phase/scene_demo/results/2026-10-10-visual-finish/evidence/finish_control_author.json:203: trailing whitespace.
+  "v4pro_attempt": {
First_Phase/scene_demo/results/2026-10-10-visual-finish/evidence/finish_control_author.json:204: trailing whitespace.
+    "http_status": 200,
First_Phase/scene_demo/results/2026-10-10-visual-finish/evidence/finish_control_author.json:205: trailing whitespace.
+    "model": "deepseek-v4-pro",
First_Phase/scene_demo/results/2026-10-10-visual-finish/evidence/finish_control_author.json:206: trailing whitespace.
+    "usage": {
First_Phase/scene_demo/results/2026-10-10-visual-finish/evidence/finish_control_author.json:207: trailing whitespace.
+      "input_tokens": 3590,
First_Phase/scene_demo/results/2026-10-10-visual-finish/evidence/finish_control_author.json:208: trailing whitespace.
+      "cache_creation_input_tokens": 0,
First_Phase/scene_demo/results/2026-10-10-visual-finish/evidence/finish_control_author.json:209: trailing whitespace.
+      "cache_read_input_tokens": 0,
First_Phase/scene_demo/results/2026-10-10-visual-finish/evidence/finish_control_author.json:210: trailing whitespace.
+      "output_tokens": 10000,
First_Phase/scene_demo/results/2026-10-10-visual-finish/evidence/finish_control_author.json:211: trailing whitespace.
+      "service_tier": "standard"
First_Phase/scene_demo/results/2026-10-10-visual-finish/evidence/finish_control_author.json:212: trailing whitespace.
+    },
First_Phase/scene_demo/results/2026-10-10-visual-finish/evidence/finish_control_author.json:213: trailing whitespace.
+    "stop_reason": "max_tokens",
First_Phase/scene_demo/results/2026-10-10-visual-finish/evidence/finish_control_author.json:214: trailing whitespace.
+    "request_sha256": "8159df6a594d14a7daa8a13df4b23c1c03f30b7d1d6d6691b4f7530fe14bf5ea",
First_Phase/scene_demo/results/2026-10-10-visual-finish/evidence/finish_control_author.json:215: trailing whitespace.
+    "response_sha256": "31e6a123d66280babe5efb272622acad4ab7d50aa54c836d6a201efc1ee73243",
First_Phase/scene_demo/results/2026-10-10-visual-finish/evidence/finish_control_author.json:216: trailing whitespace.
+    "request_parameters": {
First_Phase/scene_demo/results/2026-10-10-visual-finish/evidence/finish_control_author.json:217: trailing whitespace.
+      "model": "deepseek-v4-pro",
First_Phase/scene_demo/results/2026-10-10-visual-finish/evidence/finish_control_author.json:218: trailing whitespace.
+      "thinking": {
First_Phase/scene_demo/results/2026-10-10-visual-finish/evidence/finish_control_author.json:219: trailing whitespace.
+        "type": "disabled"
First_Phase/scene_demo/results/2026-10-10-visual-finish/evidence/finish_control_author.json:220: trailing whitespace.
+      },
First_Phase/scene_demo/results/2026-10-10-visual-finish/evidence/finish_control_author.json:221: trailing whitespace.
+      "max_tokens": 10000
First_Phase/scene_demo/results/2026-10-10-visual-finish/evidence/finish_control_author.json:222: trailing whitespace.
+    },
First_Phase/scene_demo/results/2026-10-10-visual-finish/evidence/finish_control_author.json:223: trailing whitespace.
+    "reason_for_model_change": "GPT authorized stronger actual DeepSeek implementation after repeated Flash violations and empty outputs",
First_Phase/scene_demo/results/2026-10-10-visual-finish/evidence/finish_control_author.json:224: trailing whitespace.
+    "accepted": false,
First_Phase/scene_demo/results/2026-10-10-visual-finish/evidence/finish_control_author.json:225: trailing whitespace.
+    "applied": false,
First_Phase/scene_demo/results/2026-10-10-visual-finish/evidence/finish_control_author.json:226: trailing whitespace.
+    "complete_candidate_modules": {
First_Phase/scene_demo/results/2026-10-10-visual-finish/evidence/finish_control_author.json:227: trailing whitespace.
+      "geometry.py": {
First_Phase/scene_demo/results/2026-10-10-visual-finish/evidence/finish_control_author.json:228: trailing whitespace.
+        "sha256": "90e79352e871a7876e2e8c233f3178db00f9e2c61a9c0f02188466639f4ff06c"
First_Phase/scene_demo/results/2026-10-10-visual-finish/evidence/finish_control_author.json:229: trailing whitespace.
+      },
First_Phase/scene_demo/results/2026-10-10-visual-finish/evidence/finish_control_author.json:230: trailing whitespace.
+      "control.py": {
First_Phase/scene_demo/results/2026-10-10-visual-finish/evidence/finish_control_author.json:231: trailing whitespace.
+        "sha256": "7e1c4707c1db6d2d63bbcbedc1701e237d11d113cb249c39e9fcb32acaf10c08"
First_Phase/scene_demo/results/2026-10-10-visual-finish/evidence/finish_control_author.json:232: trailing whitespace.
+      }
First_Phase/scene_demo/results/2026-10-10-visual-finish/evidence/finish_control_author.json:233: trailing whitespace.
+    },
First_Phase/scene_demo/results/2026-10-10-visual-finish/evidence/finish_control_author.json:234: trailing whitespace.
+    "rejection_reasons": [
First_Phase/scene_demo/results/2026-10-10-visual-finish/evidence/finish_control_author.json:235: trailing whitespace.
+      "tests field truncated",
First_Phase/scene_demo/results/2026-10-10-visual-finish/evidence/finish_control_author.json:236: trailing whitespace.
+      "bbox arbitrary field and normalized coordinates not multiplied by image size",
First_Phase/scene_demo/results/2026-10-10-visual-finish/evidence/finish_control_author.json:237: trailing whitespace.
+      "away sign reversed and only one direction",
First_Phase/scene_demo/results/2026-10-10-visual-finish/evidence/finish_control_author.json:238: trailing whitespace.
+      "start helper never calls port.start because initialized False attribute already exists",
First_Phase/scene_demo/results/2026-10-10-visual-finish/evidence/finish_control_author.json:239: trailing whitespace.
+      "required visual fields read from decision instead of verdict",
First_Phase/scene_demo/results/2026-10-10-visual-finish/evidence/finish_control_author.json:240: trailing whitespace.
+      "movement budget reset per waypoint",
First_Phase/scene_demo/results/2026-10-10-visual-finish/evidence/finish_control_author.json:241: trailing whitespace.
+      "stability uses pre-action samples",
First_Phase/scene_demo/results/2026-10-10-visual-finish/evidence/finish_control_author.json:242: trailing whitespace.
+      "refresh checks only next waypoint from stale state",
First_Phase/scene_demo/results/2026-10-10-visual-finish/evidence/finish_control_author.json:243: trailing whitespace.
+      "JH first waypoint skipped"
First_Phase/scene_demo/results/2026-10-10-visual-finish/evidence/finish_control_author.json:244: trailing whitespace.
+    ]
First_Phase/scene_demo/results/2026-10-10-visual-finish/evidence/finish_control_author.json:245: trailing whitespace.
+  },
First_Phase/scene_demo/results/2026-10-10-visual-finish/evidence/finish_control_author.json:246: trailing whitespace.
+  "template_assisted": true,
First_Phase/scene_demo/results/2026-10-10-visual-finish/evidence/finish_control_author.json:247: trailing whitespace.
+  "template_origin": "GPT frozen algorithm; DeepSeek actual source implementation; worker explicit dictionary field bindings only",
First_Phase/scene_demo/results/2026-10-10-visual-finish/evidence/finish_control_author.json:248: trailing whitespace.
+  "mechanical_field_bindings": {
First_Phase/scene_demo/results/2026-10-10-visual-finish/evidence/finish_control_author.json:249: trailing whitespace.
+    "fr['T']": "fr['T_world_camera']",
First_Phase/scene_demo/results/2026-10-10-visual-finish/evidence/finish_control_author.json:250: trailing whitespace.
+    "scr.reason": "scr['reason']",
First_Phase/scene_demo/results/2026-10-10-visual-finish/evidence/finish_control_author.json:251: trailing whitespace.
+    "scr.ok": "scr['ok']",
First_Phase/scene_demo/results/2026-10-10-visual-finish/evidence/finish_control_author.json:252: trailing whitespace.
+    "d.state": "d['state']",
First_Phase/scene_demo/results/2026-10-10-visual-finish/evidence/finish_control_author.json:253: trailing whitespace.
+    "d.allow_release": "d['allow_release']",
First_Phase/scene_demo/results/2026-10-10-visual-finish/evidence/finish_control_author.json:254: trailing whitespace.
+    "d.allow_retreat": "d['allow_retreat']",
First_Phase/scene_demo/results/2026-10-10-visual-finish/evidence/finish_control_author.json:255: trailing whitespace.
+    "v.operation_achieved": "v['operation_achieved']",
First_Phase/scene_demo/results/2026-10-10-visual-finish/evidence/finish_control_author.json:256: trailing whitespace.
+    "p.ok": "p['ok']",
First_Phase/scene_demo/results/2026-10-10-visual-finish/evidence/finish_control_author.json:257: trailing whitespace.
+    "p.waypoints": "p['waypoints']"
First_Phase/scene_demo/results/2026-10-10-visual-finish/evidence/finish_control_author.json:258: trailing whitespace.
+  },
First_Phase/scene_demo/results/2026-10-10-visual-finish/evidence/finish_control_author.json:259: trailing whitespace.
+  "template_plan_attempt": {
First_Phase/scene_demo/results/2026-10-10-visual-finish/evidence/finish_control_author.json:260: trailing whitespace.
+    "http_status": 200,
First_Phase/scene_demo/results/2026-10-10-visual-finish/evidence/finish_control_author.json:261: trailing whitespace.
+    "model": "deepseek-v4-pro",
First_Phase/scene_demo/results/2026-10-10-visual-finish/evidence/finish_control_author.json:262: trailing whitespace.
+    "usage": {
First_Phase/scene_demo/results/2026-10-10-visual-finish/evidence/finish_control_author.json:263: trailing whitespace.
+      "input_tokens": 724,
First_Phase/scene_demo/results/2026-10-10-visual-finish/evidence/finish_control_author.json:264: trailing whitespace.
+      "cache_creation_input_tokens": 0,
First_Phase/scene_demo/results/2026-10-10-visual-finish/evidence/finish_control_author.json:265: trailing whitespace.
+      "cache_read_input_tokens": 0,
First_Phase/scene_demo/results/2026-10-10-visual-finish/evidence/finish_control_author.json:266: trailing whitespace.
+      "output_tokens": 1275,
First_Phase/scene_demo/results/2026-10-10-visual-finish/evidence/finish_control_author.json:267: trailing whitespace.
+      "service_tier": "standard"
First_Phase/scene_demo/results/2026-10-10-visual-finish/evidence/finish_control_author.json:268: trailing whitespace.
+    },
First_Phase/scene_demo/results/2026-10-10-visual-finish/evidence/finish_control_author.json:269: trailing whitespace.
+    "stop_reason": "end_turn",
First_Phase/scene_demo/results/2026-10-10-visual-finish/evidence/finish_control_author.json:270: trailing whitespace.
+    "request_sha256": "bc5275e18fa3c7281dfa97e69d9ace3fcb2af9ea8819789f8a8711eb1465f5f3",
First_Phase/scene_demo/results/2026-10-10-visual-finish/evidence/finish_control_author.json:271: trailing whitespace.
+    "response_sha256": "0b2ef0ff099e5f59796f8ff5a8c95100bfc9027eeb1eca296f2da5a5e4b65a1f",
First_Phase/scene_demo/results/2026-10-10-visual-finish/evidence/finish_control_author.json:272: trailing whitespace.
+    "applied": true,
First_Phase/scene_demo/results/2026-10-10-visual-finish/evidence/finish_control_author.json:273: trailing whitespace.
+    "accepted": true
First_Phase/scene_demo/results/2026-10-10-visual-finish/evidence/finish_control_author.json:274: trailing whitespace.
+  },
First_Phase/scene_demo/results/2026-10-10-visual-finish/evidence/finish_control_author.json:275: trailing whitespace.
+  "template_phase_attempt": {
First_Phase/scene_demo/results/2026-10-10-visual-finish/evidence/finish_control_author.json:276: trailing whitespace.
+    "http_status": 200,
First_Phase/scene_demo/results/2026-10-10-visual-finish/evidence/finish_control_author.json:277: trailing whitespace.
+    "model": "deepseek-v4-pro",
First_Phase/scene_demo/results/2026-10-10-visual-finish/evidence/finish_control_author.json:278: trailing whitespace.
+    "usage": {
First_Phase/scene_demo/results/2026-10-10-visual-finish/evidence/finish_control_author.json:279: trailing whitespace.
+      "input_tokens": 1589,
First_Phase/scene_demo/results/2026-10-10-visual-finish/evidence/finish_control_author.json:280: trailing whitespace.
+      "cache_creation_input_tokens": 0,
First_Phase/scene_demo/results/2026-10-10-visual-finish/evidence/finish_control_author.json:281: trailing whitespace.
+      "cache_read_input_tokens": 0,
First_Phase/scene_demo/results/2026-10-10-visual-finish/evidence/finish_control_author.json:282: trailing whitespace.
+      "output_tokens": 1834,
First_Phase/scene_demo/results/2026-10-10-visual-finish/evidence/finish_control_author.json:283: trailing whitespace.
+      "service_tier": "standard"
First_Phase/scene_demo/results/2026-10-10-visual-finish/evidence/finish_control_author.json:284: trailing whitespace.
+    },
First_Phase/scene_demo/results/2026-10-10-visual-finish/evidence/finish_control_author.json:285: trailing whitespace.
+    "stop_reason": "end_turn",
First_Phase/scene_demo/results/2026-10-10-visual-finish/evidence/finish_control_author.json:286: trailing whitespace.
+    "request_sha256": "f110e752c4a428cc19247f12efc4988e2f53c8879413e19ca9a3ffea5d21390c",
First_Phase/scene_demo/results/2026-10-10-visual-finish/evidence/finish_control_author.json:287: trailing whitespace.
+    "response_sha256": "173a149f5eff6fc07bc0a372671196ad583e634369e9b957c9eb7075f0a06eb9",
First_Phase/scene_demo/results/2026-10-10-visual-finish/evidence/finish_control_author.json:288: trailing whitespace.
+    "applied": true,
First_Phase/scene_demo/results/2026-10-10-visual-finish/evidence/finish_control_author.json:289: trailing whitespace.
+    "accepted": true
First_Phase/scene_demo/results/2026-10-10-visual-finish/evidence/finish_control_author.json:290: trailing whitespace.
+  },
First_Phase/scene_demo/results/2026-10-10-visual-finish/evidence/finish_control_author.json:291: trailing whitespace.
+  "template_tests_attempt": {
First_Phase/scene_demo/results/2026-10-10-visual-finish/evidence/finish_control_author.json:292: trailing whitespace.
+    "http_status": 200,
First_Phase/scene_demo/results/2026-10-10-visual-finish/evidence/finish_control_author.json:293: trailing whitespace.
+    "model": "deepseek-v4-pro",
First_Phase/scene_demo/results/2026-10-10-visual-finish/evidence/finish_control_author.json:294: trailing whitespace.
+    "usage": {
First_Phase/scene_demo/results/2026-10-10-visual-finish/evidence/finish_control_author.json:295: trailing whitespace.
+      "input_tokens": 646,
First_Phase/scene_demo/results/2026-10-10-visual-finish/evidence/finish_control_author.json:296: trailing whitespace.
+      "cache_creation_input_tokens": 0,
First_Phase/scene_demo/results/2026-10-10-visual-finish/evidence/finish_control_author.json:297: trailing whitespace.
+      "cache_read_input_tokens": 0,
First_Phase/scene_demo/results/2026-10-10-visual-finish/evidence/finish_control_author.json:298: trailing whitespace.
+      "output_tokens": 2000,
First_Phase/scene_demo/results/2026-10-10-visual-finish/evidence/finish_control_author.json:299: trailing whitespace.
+      "service_tier": "standard"
First_Phase/scene_demo/results/2026-10-10-visual-finish/evidence/finish_control_author.json:300: trailing whitespace.
+    },
First_Phase/scene_demo/results/2026-10-10-visual-finish/evidence/finish_control_author.json:301: trailing whitespace.
+    "stop_reason": "max_tokens",
First_Phase/scene_demo/results/2026-10-10-visual-finish/evidence/finish_control_author.json:302: trailing whitespace.
+    "request_sha256": "2bf8647b204b57e645145f6423756ba3b0fbadcdaf94c3a280082e2161cb0f4c",
First_Phase/scene_demo/results/2026-10-10-visual-finish/evidence/finish_control_author.json:303: trailing whitespace.
+    "response_sha256": "143cb1b5838cd1b051d917f3900fd7d0ebef2a8a446258d8f2b7bd4daad0f2c8",
First_Phase/scene_demo/results/2026-10-10-visual-finish/evidence/finish_control_author.json:304: trailing whitespace.
+    "applied": false,
First_Phase/scene_demo/results/2026-10-10-visual-finish/evidence/finish_control_author.json:305: trailing whitespace.
+    "accepted": false
First_Phase/scene_demo/results/2026-10-10-visual-finish/evidence/finish_control_author.json:306: trailing whitespace.
+  },
First_Phase/scene_demo/results/2026-10-10-visual-finish/evidence/finish_control_author.json:307: trailing whitespace.
+  "bound_tests_attempt": {
First_Phase/scene_demo/results/2026-10-10-visual-finish/evidence/finish_control_author.json:308: trailing whitespace.
+    "http_status": 200,
First_Phase/scene_demo/results/2026-10-10-visual-finish/evidence/finish_control_author.json:309: trailing whitespace.
+    "model": "deepseek-v4-pro",
First_Phase/scene_demo/results/2026-10-10-visual-finish/evidence/finish_control_author.json:310: trailing whitespace.
+    "usage": {
First_Phase/scene_demo/results/2026-10-10-visual-finish/evidence/finish_control_author.json:311: trailing whitespace.
+      "input_tokens": 864,
First_Phase/scene_demo/results/2026-10-10-visual-finish/evidence/finish_control_author.json:312: trailing whitespace.
+      "cache_creation_input_tokens": 0,
First_Phase/scene_demo/results/2026-10-10-visual-finish/evidence/finish_control_author.json:313: trailing whitespace.
+      "cache_read_input_tokens": 0,
First_Phase/scene_demo/results/2026-10-10-visual-finish/evidence/finish_control_author.json:314: trailing whitespace.
+      "output_tokens": 2340,
First_Phase/scene_demo/results/2026-10-10-visual-finish/evidence/finish_control_author.json:315: trailing whitespace.
+      "service_tier": "standard"
First_Phase/scene_demo/results/2026-10-10-visual-finish/evidence/finish_control_author.json:316: trailing whitespace.
+    },
First_Phase/scene_demo/results/2026-10-10-visual-finish/evidence/finish_control_author.json:317: trailing whitespace.
+    "stop_reason": "end_turn",
First_Phase/scene_demo/results/2026-10-10-visual-finish/evidence/finish_control_author.json:318: trailing whitespace.
+    "request_sha256": "a3e36c51e1e99e7ad8c812e5ff8738933a6f37f4beb47ca1a9abf7a305835b12",
First_Phase/scene_demo/results/2026-10-10-visual-finish/evidence/finish_control_author.json:319: trailing whitespace.
+    "response_sha256": "6ea641049b583e9b9d88f64fe76ee55979e201c6c7fbd77cece41a3c710392f2",
First_Phase/scene_demo/results/2026-10-10-visual-finish/evidence/finish_control_author.json:320: trailing whitespace.
+    "applied": false,
First_Phase/scene_demo/results/2026-10-10-visual-finish/evidence/finish_control_author.json:321: trailing whitespace.
+    "accepted": false
First_Phase/scene_demo/results/2026-10-10-visual-finish/evidence/finish_control_author.json:322: trailing whitespace.
+  },
First_Phase/scene_demo/results/2026-10-10-visual-finish/evidence/finish_control_author.json:323: trailing whitespace.
+  "final_files": {
First_Phase/scene_demo/results/2026-10-10-visual-finish/evidence/finish_control_author.json:324: trailing whitespace.
+    "geometry.py": {
First_Phase/scene_demo/results/2026-10-10-visual-finish/evidence/finish_control_author.json:325: trailing whitespace.
+      "sha256": "8679d2d6cd632341449bcf497c3a9144f0086cc4f18402083c4123356b82ddbd"
First_Phase/scene_demo/results/2026-10-10-visual-finish/evidence/finish_control_author.json:326: trailing whitespace.
+    },
First_Phase/scene_demo/results/2026-10-10-visual-finish/evidence/finish_control_author.json:327: trailing whitespace.
+    "control.py": {
First_Phase/scene_demo/results/2026-10-10-visual-finish/evidence/finish_control_author.json:328: trailing whitespace.
+      "sha256": "4844b42ff07f94ed9d287408f435b38b9441bda383e936098fec7dcf1862bcc9"
First_Phase/scene_demo/results/2026-10-10-visual-finish/evidence/finish_control_author.json:329: trailing whitespace.
+    }
First_Phase/scene_demo/results/2026-10-10-visual-finish/evidence/finish_control_author.json:330: trailing whitespace.
+  },
First_Phase/scene_demo/results/2026-10-10-visual-finish/evidence/finish_control_author.json:331: trailing whitespace.
+  "compile": {
First_Phase/scene_demo/results/2026-10-10-visual-finish/evidence/finish_control_author.json:332: trailing whitespace.
+    "exit_code": 0,
First_Phase/scene_demo/results/2026-10-10-visual-finish/evidence/finish_control_author.json:333: trailing whitespace.
+    "output": "compile passed: geometry.py control.py",
First_Phase/scene_demo/results/2026-10-10-visual-finish/evidence/finish_control_author.json:334: trailing whitespace.
+    "physical_actions": 0
First_Phase/scene_demo/results/2026-10-10-visual-finish/evidence/finish_control_author.json:335: trailing whitespace.
+  },
First_Phase/scene_demo/results/2026-10-10-visual-finish/evidence/finish_control_author.json:336: trailing whitespace.
+  "focused_tests_status": "8 passed",
First_Phase/scene_demo/results/2026-10-10-visual-finish/evidence/finish_control_author.json:337: trailing whitespace.
+  "focused_tests": {
First_Phase/scene_demo/results/2026-10-10-visual-finish/evidence/finish_control_author.json:338: trailing whitespace.
+    "command": "wsl --exec env PYTHONDONTWRITEBYTECODE=1 PYTHONPATH=/mnt/d/FYP/First_Phase /home/yhwang/fyp/libero_demo/venv/bin/python -m unittest discover -s /mnt/d/FYP/First_Phase/scene_demo/finish_v1/tests -p test_core.py -v",
First_Phase/scene_demo/results/2026-10-10-visual-finish/evidence/finish_control_author.json:339: trailing whitespace.
+    "exit_code": 0,
First_Phase/scene_demo/results/2026-10-10-visual-finish/evidence/finish_control_author.json:340: trailing whitespace.
+    "tests": 8,
First_Phase/scene_demo/results/2026-10-10-visual-finish/evidence/finish_control_author.json:341: trailing whitespace.
+    "elapsed_s": 0.012,
First_Phase/scene_demo/results/2026-10-10-visual-finish/evidence/finish_control_author.json:342: trailing whitespace.
+    "summary": "Ran 8 tests in 0.012s; OK",
First_Phase/scene_demo/results/2026-10-10-visual-finish/evidence/finish_control_author.json:343: trailing whitespace.
+    "source_origin": "GPT fixed acceptance design; native worker mechanical test implementation. Not DeepSeek authored tests. Actual DeepSeek implementation provenance is retained for geometry/control.",
First_Phase/scene_demo/results/2026-10-10-visual-finish/evidence/finish_control_author.json:344: trailing whitespace.
+    "test_source_sha256": "0afcce0cb8a2ce1de01454093a12a52117ec49b585dedfa6c979a3b59e91fb40",
First_Phase/scene_demo/results/2026-10-10-visual-finish/evidence/finish_control_author.json:345: trailing whitespace.
+    "physical_actions": 0,
First_Phase/scene_demo/results/2026-10-10-visual-finish/evidence/finish_control_author.json:346: trailing whitespace.
+    "model_calls": 0
First_Phase/scene_demo/results/2026-10-10-visual-finish/evidence/finish_control_author.json:347: trailing whitespace.
+  }
First_Phase/scene_demo/results/2026-10-10-visual-finish/evidence/finish_control_author.json:348: trailing whitespace.
+}
First_Phase/scene_demo/results/2026-10-10-visual-finish/evidence/preflight.json:1: trailing whitespace.
+{
First_Phase/scene_demo/results/2026-10-10-visual-finish/evidence/preflight.json:2: trailing whitespace.
+  "ok": true,
First_Phase/scene_demo/results/2026-10-10-visual-finish/evidence/preflight.json:3: trailing whitespace.
+  "inputs_sha256": "85229f96c05aa97073cecacb4de524e3f539594879ec39a80720da4fb67d086b",
First_Phase/scene_demo/results/2026-10-10-visual-finish/evidence/preflight.json:4: trailing whitespace.
+  "proposal_sha256": "2bd527ca7c4fbb1381784c9edf40e8a7328ec9ff5a44917391f16e7e7b40ba07",
First_Phase/scene_demo/results/2026-10-10-visual-finish/evidence/preflight.json:5: trailing whitespace.
+  "source_sha256": {
First_Phase/scene_demo/results/2026-10-10-visual-finish/evidence/preflight.json:6: trailing whitespace.
+    ".agents/skills/fyp-experiment-review/scripts/review.py": "3a38db3c0a5b7f761e26cf624e7e56d33b4e955b59584faf8c26d041923f90ec",
First_Phase/scene_demo/results/2026-10-10-visual-finish/evidence/preflight.json:7: trailing whitespace.
+    "First_Phase/scene_demo/app.py": "075943ba23c30149db736c9693d4d6cfdfcc699cb124dcef2c2f4888881d2cfb",
First_Phase/scene_demo/results/2026-10-10-visual-finish/evidence/preflight.json:8: trailing whitespace.
+    "First_Phase/scene_demo/catalog.py": "602a7d3ef1bc5c2d28f9f1d893edac9275116fd824f408f79af2971bb2f48a02",
First_Phase/scene_demo/results/2026-10-10-visual-finish/evidence/preflight.json:9: trailing whitespace.
+    "First_Phase/scene_demo/collision_geometry.py": "a5e54ab21b6943b47b177691cf1691d0e8a775ad4ea36d59f7bf53eb04c0c202",
First_Phase/scene_demo/results/2026-10-10-visual-finish/evidence/preflight.json:10: trailing whitespace.
+    "First_Phase/scene_demo/collision_grasp.py": "451d31c6e671b86c6f6fde4407de60d937107b6f6dd2c226245de1c5762f4898",
First_Phase/scene_demo/results/2026-10-10-visual-finish/evidence/preflight.json:11: trailing whitespace.
+    "First_Phase/scene_demo/collision_grasp_pilot.py": "1113abbf99c8f51953aebfea9af6f4390ec87bdd380ce85eb21efa8b84fc6354",
First_Phase/scene_demo/results/2026-10-10-visual-finish/evidence/preflight.json:12: trailing whitespace.
+    "First_Phase/scene_demo/entry_compatibility.py": "1004d20e00a46ff3ef392ae8658ffd994a1bacd0f9b559588fb47951d008b5aa",
First_Phase/scene_demo/results/2026-10-10-visual-finish/evidence/preflight.json:13: trailing whitespace.
+    "First_Phase/scene_demo/export_grasp_config_results.py": "402552073a5ba7d6cbaa3fe12924daaf65eaa3b2846e9de55e95c2d89da05148",
First_Phase/scene_demo/results/2026-10-10-visual-finish/evidence/preflight.json:14: trailing whitespace.
+    "First_Phase/scene_demo/finish_v1/__init__.py": "58bc8bac669516085a3d42cb2dd90b27a052ba863c358bb3bb367afd02421cb8",
First_Phase/scene_demo/results/2026-10-10-visual-finish/evidence/preflight.json:15: trailing whitespace.
+    "First_Phase/scene_demo/finish_v1/control.py": "4844b42ff07f94ed9d287408f435b38b9441bda383e936098fec7dcf1862bcc9",
First_Phase/scene_demo/results/2026-10-10-visual-finish/evidence/preflight.json:16: trailing whitespace.
+    "First_Phase/scene_demo/finish_v1/geometry.py": "8679d2d6cd632341449bcf497c3a9144f0086cc4f18402083c4123356b82ddbd",
First_Phase/scene_demo/results/2026-10-10-visual-finish/evidence/preflight.json:17: trailing whitespace.
+    "First_Phase/scene_demo/finish_v1/pilot.py": "84b4238f8e5e37f3c22ebfcb12ea4818b1f720ff9e81ba6d1e3a1448b7b47633",
First_Phase/scene_demo/results/2026-10-10-visual-finish/evidence/preflight.json:18: trailing whitespace.
+    "First_Phase/scene_demo/finish_v1/sensors.py": "87110be98b2186383e645231b8e728d085c7edf79f50f273f2e0855fc3c8c83a",
First_Phase/scene_demo/results/2026-10-10-visual-finish/evidence/preflight.json:19: trailing whitespace.
+    "First_Phase/scene_demo/finish_v1/vision.py": "1ca6c1af70529f68f408c460a09442e50db8594d8480fe112cfb1dba9ba82b8e",
First_Phase/scene_demo/results/2026-10-10-visual-finish/evidence/preflight.json:20: trailing whitespace.
+    "First_Phase/scene_demo/grasp_assist_service.py": "c97e2279b05868862cbfe2d364ab58ed65130aa72550f937756a86f2c88b32fa",
First_Phase/scene_demo/results/2026-10-10-visual-finish/evidence/preflight.json:21: trailing whitespace.
+    "First_Phase/scene_demo/grasp_calibration.py": "71ea59c5ba411d4cab7370825bb2bc8928c2db43d55816d6d5c2ab6d0e375ac4",
First_Phase/scene_demo/results/2026-10-10-visual-finish/evidence/preflight.json:22: trailing whitespace.
+    "First_Phase/scene_demo/grasp_guard.py": "cdfd81215e2feee7d3d1d538a739518c405f3ca64646ac82d955630ab6f77eaf",
First_Phase/scene_demo/results/2026-10-10-visual-finish/evidence/preflight.json:23: trailing whitespace.
+    "First_Phase/scene_demo/guard_validation.py": "bfca3cea9ae380210c432a174a989e5991728e83f1c48bd22092ceb6f3f62169",
First_Phase/scene_demo/results/2026-10-10-visual-finish/evidence/preflight.json:24: trailing whitespace.
+    "First_Phase/scene_demo/joint_home.py": "65325d16c8b47a4020c843d8b9cdc60608cef0f10cfbbb162351d98edec21a21",
First_Phase/scene_demo/results/2026-10-10-visual-finish/evidence/preflight.json:25: trailing whitespace.
+    "First_Phase/scene_demo/local_grasp.py": "b9f19e38caa1fb4d60e1237185e80a114222418452d73dca7c526ce765d5168d",
First_Phase/scene_demo/results/2026-10-10-visual-finish/evidence/preflight.json:26: trailing whitespace.
+    "First_Phase/scene_demo/mcp_server.py": "add14a4258f4de0e5e102aab21245697cee427131d7d5b1815c1b099a8d03668",
First_Phase/scene_demo/results/2026-10-10-visual-finish/evidence/preflight.json:27: trailing whitespace.
+    "First_Phase/scene_demo/oracle.py": "2e51f77bba85ef4d51f751dc8b59babc11d7635f92d9c546f30975e75b0cfd8f",
First_Phase/scene_demo/results/2026-10-10-visual-finish/evidence/preflight.json:28: trailing whitespace.
+    "First_Phase/scene_demo/paired_config_experiments.py": "90483620089b23241d5eb30f335d0f0a70035add25e099257880e558b34508b1",
First_Phase/scene_demo/results/2026-10-10-visual-finish/evidence/preflight.json:29: trailing whitespace.
+    "First_Phase/scene_demo/placement_completion.py": "0fc7450ea1f760474e1b168ab5e0111bf1bd3c9ef3c290195f44e09772b370de",
First_Phase/scene_demo/results/2026-10-10-visual-finish/evidence/preflight.json:30: trailing whitespace.
+    "First_Phase/scene_demo/placement_experiments.py": "bc4959ace0e534644e655b2fda7f1fcde22f022a35d9e587e378e9936a57bc10",
First_Phase/scene_demo/results/2026-10-10-visual-finish/evidence/preflight.json:31: trailing whitespace.
+    "First_Phase/scene_demo/planning_diagnostics.py": "13e48f7e507f8493a98e36d8a415d988c87fea4eae25d7d253c882dcac8d5cf8",
First_Phase/scene_demo/results/2026-10-10-visual-finish/evidence/preflight.json:32: trailing whitespace.
+    "First_Phase/scene_demo/preparation_diagnostics.py": "00861b6cc8f9619c630dacced029fdcd8733a195c5f4027de92cc70ae0e87eb7",
First_Phase/scene_demo/results/2026-10-10-visual-finish/evidence/preflight.json:33: trailing whitespace.
+    "First_Phase/scene_demo/run_agent.py": "7097f7535aecebb91d820e6cde9bfe03af7838368c0b827c78155b96e14d0281",
First_Phase/scene_demo/results/2026-10-10-visual-finish/evidence/preflight.json:34: trailing whitespace.
+    "First_Phase/scene_demo/run_experiments.py": "c239dcbbaf8d759eb8f1104d24b3f43159ab8045d29ec0e6d5964b6d4951320e",
First_Phase/scene_demo/results/2026-10-10-visual-finish/evidence/preflight.json:35: trailing whitespace.
+    "First_Phase/scene_demo/safe_exit.py": "54824e433307a5eb9634783f66b9cb654967f35cec7ec661ff0e70b6c3f635b5",
First_Phase/scene_demo/results/2026-10-10-visual-finish/evidence/preflight.json:36: trailing whitespace.
+    "First_Phase/scene_demo/safe_exit_contacts.py": "a04d063729b571c3aea97e4955824cdf5d78657863bc00c8c2c0f32e38dcef8e",
First_Phase/scene_demo/results/2026-10-10-visual-finish/evidence/preflight.json:37: trailing whitespace.
+    "First_Phase/scene_demo/safe_exit_pilot.py": "791a73d33999b63b7eeb226010b2c77a70c727081b2b06fd86ea9b9618cc9ea8",
First_Phase/scene_demo/results/2026-10-10-visual-finish/evidence/preflight.json:38: trailing whitespace.
+    "First_Phase/scene_demo/safe_exit_pilot_io.py": "d77244763b9a4eb772fc61c0ea938197678d3a68545e67c773d3eefed0bc7ad9",
First_Phase/scene_demo/results/2026-10-10-visual-finish/evidence/preflight.json:39: trailing whitespace.
+    "First_Phase/scene_demo/safe_exit_planner.py": "e1ded8ff1c310ff0e128945b8fec0ec36c13ff9ab41fee8c610b6d9ac7fd4de7",
First_Phase/scene_demo/results/2026-10-10-visual-finish/evidence/preflight.json:40: trailing whitespace.
+    "First_Phase/scene_demo/service.py": "42a449191890aeafd64c48647c79223cc36d11a2fba386a40c2cae28ebfcd6b4",
First_Phase/scene_demo/results/2026-10-10-visual-finish/evidence/preflight.json:41: trailing whitespace.
+    "First_Phase/scene_demo/setup_profile.py": "c26606d648adc34f83f5161142a29f00c739999097cc335a4937b3e52881ad20",
First_Phase/scene_demo/results/2026-10-10-visual-finish/evidence/preflight.json:42: trailing whitespace.
+    "First_Phase/scene_demo/side_grasp.py": "7ff8bad6e7c656a20f59409efb1125d63839678607117790c942a011925bbd54",
First_Phase/scene_demo/results/2026-10-10-visual-finish/evidence/preflight.json:43: trailing whitespace.
+    "First_Phase/scene_demo/side_grasp_calibration.py": "eb33d07264b8aae3d6cbeca41e5611490a5c5ca603c5a537ee258ce42f97a275",
First_Phase/scene_demo/results/2026-10-10-visual-finish/evidence/preflight.json:44: trailing whitespace.
+    "First_Phase/scene_demo/side_grasp_pilot.py": "8e26e9c5c4830c3b593396a660faa50a1adfceb5bc8286276592d34e4ac62e91",
First_Phase/scene_demo/results/2026-10-10-visual-finish/evidence/preflight.json:45: trailing whitespace.
+    "First_Phase/scene_demo/skill_context_diagnostics.py": "5f4212a458920e4b5d32e69a837cf4edc9597f448749278da24439f2669169a5",
First_Phase/scene_demo/results/2026-10-10-visual-finish/evidence/preflight.json:46: trailing whitespace.
+    "First_Phase/scene_demo/subtask_assist_service.py": "e36e38c48d88e81209ab62e6c7cd9d0453c36234161faa49f7fe86ebdbb079ff",
First_Phase/scene_demo/results/2026-10-10-visual-finish/evidence/preflight.json:47: trailing whitespace.
+    "First_Phase/scene_demo/subtask_context.py": "7bbb5679a8b1ead97bbae5f933ea0578f6b518be7d45383f62c4f4ac26625c2e",
First_Phase/scene_demo/results/2026-10-10-visual-finish/evidence/preflight.json:48: trailing whitespace.
+    "First_Phase/scene_demo/subtask_geometry.py": "02292b9750b8bbfed44308f56861f2186e1d2cc4764c7ba88779bde9197dfd05",
First_Phase/scene_demo/results/2026-10-10-visual-finish/evidence/preflight.json:49: trailing whitespace.
+    "First_Phase/scene_demo/subtask_preparation.py": "0c5c64e4be692feb52241aeb01793752783b10ce24a90da2f155c74c349a6ecf",
First_Phase/scene_demo/results/2026-10-10-visual-finish/evidence/preflight.json:50: trailing whitespace.
+    "First_Phase/scene_demo/test_entry_compatibility.py": "230e0d6cbfb3673f688a0b763ba000db95b584f4e874da7fe6f51dee5dd48be1",
First_Phase/scene_demo/results/2026-10-10-visual-finish/evidence/preflight.json:51: trailing whitespace.
+    "First_Phase/scene_demo/test_joint_home.py": "7121087773834a5dfbec555f98aa47f36771317cd71d1fac25fea89ad573647a",
First_Phase/scene_demo/results/2026-10-10-visual-finish/evidence/preflight.json:52: trailing whitespace.
+    "First_Phase/scene_demo/test_safe_exit.py": "987e95eaf1538946cfd3c7b6032cb594a07d8177b08c216b7567b6ac731d90fc",
First_Phase/scene_demo/results/2026-10-10-visual-finish/evidence/preflight.json:53: trailing whitespace.
+    "First_Phase/scene_demo/test_safe_exit_pilot.py": "4b582136077a8c8c0f94e3d27ab6a19ec6e1196d44a763caced42f045eb54f0e",
First_Phase/scene_demo/results/2026-10-10-visual-finish/evidence/preflight.json:54: trailing whitespace.
+    "First_Phase/scene_demo/test_safe_exit_planner.py": "82f160f03f896559cd610afbaf3caf187300644ba5828f117a515547b93ee9ee",
First_Phase/scene_demo/results/2026-10-10-visual-finish/evidence/preflight.json:55: trailing whitespace.
+    "First_Phase/scene_demo/test_subtask_assist.py": "cfb068def1760ed9cfcfb83291f844e48b4eca6529670246ff78e6ff0b7d3686",
First_Phase/scene_demo/results/2026-10-10-visual-finish/evidence/preflight.json:56: trailing whitespace.
+    "First_Phase/scene_demo/test_subtask_prepare_repair.py": "07006976550d421e879a776dd0ed58f2970c109158930fb306fea8e566b62a33",
First_Phase/scene_demo/results/2026-10-10-visual-finish/evidence/preflight.json:57: trailing whitespace.
+    "First_Phase/scene_demo/wine_diagnostics.py": "236ed46af5d36e65ad48fa3dc8fa175ad9234180ed2a972f17cfe64e5e6419ef",
First_Phase/scene_demo/results/2026-10-10-visual-finish/evidence/preflight.json:58: trailing whitespace.
+    "First_Phase/scene_demo/wine_pose_diagnostics.py": "3308b4cee00d5a5ca6db10dc31ac2a13a6a019f069764f9bee6b99ed3ad8de51",
First_Phase/scene_demo/results/2026-10-10-visual-finish/evidence/preflight.json:59: trailing whitespace.
+    "First_Phase/scene_demo/wine_semantic.py": "e7741154b96f7a20e25f29ac5ef4965f905fc22adef84f4e271c34260775b508"
First_Phase/scene_demo/results/2026-10-10-visual-finish/evidence/preflight.json:60: trailing whitespace.
+  },
First_Phase/scene_demo/results/2026-10-10-visual-finish/evidence/preflight.json:61: trailing whitespace.
+  "commands": [
First_Phase/scene_demo/results/2026-10-10-visual-finish/evidence/preflight.json:62: trailing whitespace.
+    {
First_Phase/scene_demo/results/2026-10-10-visual-finish/evidence/preflight.json:63: trailing whitespace.
+      "command": [
First_Phase/scene_demo/results/2026-10-10-visual-finish/evidence/preflight.json:64: trailing whitespace.
+        "C:\\Users\\Admin1\\.cache\\codex-runtimes\\codex-primary-runtime\\dependencies\\python\\python.exe",
First_Phase/scene_demo/results/2026-10-10-visual-finish/evidence/preflight.json:65: trailing whitespace.
+        "-B",
First_Phase/scene_demo/results/2026-10-10-visual-finish/evidence/preflight.json:66: trailing whitespace.
+        "D:\\FYP\\First_Phase\\scene_demo\\finish_v1\\pilot.py",
First_Phase/scene_demo/results/2026-10-10-visual-finish/evidence/preflight.json:67: trailing whitespace.
+        "--help"
First_Phase/scene_demo/results/2026-10-10-visual-finish/evidence/preflight.json:68: trailing whitespace.
+      ],
First_Phase/scene_demo/results/2026-10-10-visual-finish/evidence/preflight.json:69: trailing whitespace.
+      "exit_code": 0,
First_Phase/scene_demo/results/2026-10-10-visual-finish/evidence/preflight.json:70: trailing whitespace.
+      "stdout_sha256": "3bdc132fa855ae7e93b6661768e183d2d25848dd2cd571c28af815f6a34a877b",
First_Phase/scene_demo/results/2026-10-10-visual-finish/evidence/preflight.json:71: trailing whitespace.
+      "stderr_sha256": "e3b0c44298fc1c149afbf4c8996fb92427ae41e4649b934ca495991b7852b855"
First_Phase/scene_demo/results/2026-10-10-visual-finish/evidence/preflight.json:72: trailing whitespace.
+    },
First_Phase/scene_demo/results/2026-10-10-visual-finish/evidence/preflight.json:73: trailing whitespace.
+    {
First_Phase/scene_demo/results/2026-10-10-visual-finish/evidence/preflight.json:74: trailing whitespace.
+      "command": [
First_Phase/scene_demo/results/2026-10-10-visual-finish/evidence/preflight.json:75: trailing whitespace.
+        "C:\\Users\\Admin1\\.cache\\codex-runtimes\\codex-primary-runtime\\dependencies\\python\\python.exe",
First_Phase/scene_demo/results/2026-10-10-visual-finish/evidence/preflight.json:76: trailing whitespace.
+        "-B",
First_Phase/scene_demo/results/2026-10-10-visual-finish/evidence/preflight.json:77: trailing whitespace.
+        "D:\\FYP\\.agents\\skills\\fyp-experiment-review\\scripts\\review.py",
First_Phase/scene_demo/results/2026-10-10-visual-finish/evidence/preflight.json:78: trailing whitespace.
+        "check",
First_Phase/scene_demo/results/2026-10-10-visual-finish/evidence/preflight.json:79: trailing whitespace.
+        "--proposal",
First_Phase/scene_demo/results/2026-10-10-visual-finish/evidence/preflight.json:80: trailing whitespace.
+        "D:\\FYP\\First_Phase\\scene_demo\\plans\\2026-10-10-visual-finish-pilot.json"
First_Phase/scene_demo/results/2026-10-10-visual-finish/evidence/preflight.json:81: trailing whitespace.
+      ],
First_Phase/scene_demo/results/2026-10-10-visual-finish/evidence/preflight.json:82: trailing whitespace.
+      "exit_code": 0,
First_Phase/scene_demo/results/2026-10-10-visual-finish/evidence/preflight.json:83: trailing whitespace.
+      "stdout_sha256": "9c43fbee6e347bfbac4b8db686b7f23e9544d37ef32936d1695321dca0da1549",
First_Phase/scene_demo/results/2026-10-10-visual-finish/evidence/preflight.json:84: trailing whitespace.
+      "stderr_sha256": "e3b0c44298fc1c149afbf4c8996fb92427ae41e4649b934ca495991b7852b855"
First_Phase/scene_demo/results/2026-10-10-visual-finish/evidence/preflight.json:85: trailing whitespace.
+    }
First_Phase/scene_demo/results/2026-10-10-visual-finish/evidence/preflight.json:86: trailing whitespace.
+  ],
First_Phase/scene_demo/results/2026-10-10-visual-finish/evidence/preflight.json:87: trailing whitespace.
+  "py_compile": {
First_Phase/scene_demo/results/2026-10-10-visual-finish/evidence/preflight.json:88: trailing whitespace.
+    "exit_code": 0,
First_Phase/scene_demo/results/2026-10-10-visual-finish/evidence/preflight.json:89: trailing whitespace.
+    "source": "First_Phase/scene_demo/finish_v1/pilot.py",
First_Phase/scene_demo/results/2026-10-10-visual-finish/evidence/preflight.json:90: trailing whitespace.
+    "cfile_private": true
First_Phase/scene_demo/results/2026-10-10-visual-finish/evidence/preflight.json:91: trailing whitespace.
+  },
First_Phase/scene_demo/results/2026-10-10-visual-finish/evidence/preflight.json:92: trailing whitespace.
+  "frozen_files_verified": 25,
First_Phase/scene_demo/results/2026-10-10-visual-finish/evidence/preflight.json:93: trailing whitespace.
+  "robot_actions": 0,
First_Phase/scene_demo/results/2026-10-10-visual-finish/evidence/preflight.json:94: trailing whitespace.
+  "qwen_calls": 0,
First_Phase/scene_demo/results/2026-10-10-visual-finish/evidence/preflight.json:95: trailing whitespace.
+  "status": "STATIC_PREFLIGHT_ONLY_REQUIRES_GPT_REVIEW"
First_Phase/scene_demo/results/2026-10-10-visual-finish/evidence/preflight.json:96: trailing whitespace.
+}
First_Phase/scene_demo/results/2026-10-10-visual-finish/evidence/runner_author.json:1: trailing whitespace.
+{
First_Phase/scene_demo/results/2026-10-10-visual-finish/evidence/runner_author.json:2: trailing whitespace.
+  "actual_deepseek": true,
First_Phase/scene_demo/results/2026-10-10-visual-finish/evidence/runner_author.json:3: trailing whitespace.
+  "http_status": 200,
First_Phase/scene_demo/results/2026-10-10-visual-finish/evidence/runner_author.json:4: trailing whitespace.
+  "model": "deepseek-v4-pro",
First_Phase/scene_demo/results/2026-10-10-visual-finish/evidence/runner_author.json:5: trailing whitespace.
+  "thinking_requested": {
First_Phase/scene_demo/results/2026-10-10-visual-finish/evidence/runner_author.json:6: trailing whitespace.
+    "type": "disabled"
First_Phase/scene_demo/results/2026-10-10-visual-finish/evidence/runner_author.json:7: trailing whitespace.
+  },
First_Phase/scene_demo/results/2026-10-10-visual-finish/evidence/runner_author.json:8: trailing whitespace.
+  "usage": {
First_Phase/scene_demo/results/2026-10-10-visual-finish/evidence/runner_author.json:9: trailing whitespace.
+    "input_tokens": 3987,
First_Phase/scene_demo/results/2026-10-10-visual-finish/evidence/runner_author.json:10: trailing whitespace.
+    "cache_creation_input_tokens": 0,
First_Phase/scene_demo/results/2026-10-10-visual-finish/evidence/runner_author.json:11: trailing whitespace.
+    "cache_read_input_tokens": 0,
First_Phase/scene_demo/results/2026-10-10-visual-finish/evidence/runner_author.json:12: trailing whitespace.
+    "output_tokens": 5000,
First_Phase/scene_demo/results/2026-10-10-visual-finish/evidence/runner_author.json:13: trailing whitespace.
+    "service_tier": "standard"
First_Phase/scene_demo/results/2026-10-10-visual-finish/evidence/runner_author.json:14: trailing whitespace.
+  },
First_Phase/scene_demo/results/2026-10-10-visual-finish/evidence/runner_author.json:15: trailing whitespace.
+  "stop_reason": "max_tokens",
First_Phase/scene_demo/results/2026-10-10-visual-finish/evidence/runner_author.json:16: trailing whitespace.
+  "request_sha256": "35b34194ec3de6cabd170a865b49c2d1c2937d2d267f03714ffd75a029b61cc4",
First_Phase/scene_demo/results/2026-10-10-visual-finish/evidence/runner_author.json:17: trailing whitespace.
+  "response_sha256": "2aea2724a331db3f10aabe21dd320ed993875e5aa4895d972586aa13be48e2a3",
First_Phase/scene_demo/results/2026-10-10-visual-finish/evidence/runner_author.json:18: trailing whitespace.
+  "previous_attempts": {
First_Phase/scene_demo/results/2026-10-10-visual-finish/evidence/runner_author.json:19: trailing whitespace.
+    "actual_deepseek": true,
First_Phase/scene_demo/results/2026-10-10-visual-finish/evidence/runner_author.json:20: trailing whitespace.
+    "http_status": 200,
First_Phase/scene_demo/results/2026-10-10-visual-finish/evidence/runner_author.json:21: trailing whitespace.
+    "model": "deepseek-v4-pro",
First_Phase/scene_demo/results/2026-10-10-visual-finish/evidence/runner_author.json:22: trailing whitespace.
+    "thinking_requested": {
First_Phase/scene_demo/results/2026-10-10-visual-finish/evidence/runner_author.json:23: trailing whitespace.
+      "type": "disabled"
First_Phase/scene_demo/results/2026-10-10-visual-finish/evidence/runner_author.json:24: trailing whitespace.
+    },
First_Phase/scene_demo/results/2026-10-10-visual-finish/evidence/runner_author.json:25: trailing whitespace.
+    "usage": {
First_Phase/scene_demo/results/2026-10-10-visual-finish/evidence/runner_author.json:26: trailing whitespace.
+      "input_tokens": 11376,
First_Phase/scene_demo/results/2026-10-10-visual-finish/evidence/runner_author.json:27: trailing whitespace.
+      "cache_creation_input_tokens": 0,
First_Phase/scene_demo/results/2026-10-10-visual-finish/evidence/runner_author.json:28: trailing whitespace.
+      "cache_read_input_tokens": 0,
First_Phase/scene_demo/results/2026-10-10-visual-finish/evidence/runner_author.json:29: trailing whitespace.
+      "output_tokens": 12687,
First_Phase/scene_demo/results/2026-10-10-visual-finish/evidence/runner_author.json:30: trailing whitespace.
+      "service_tier": "standard"
First_Phase/scene_demo/results/2026-10-10-visual-finish/evidence/runner_author.json:31: trailing whitespace.
+    },
First_Phase/scene_demo/results/2026-10-10-visual-finish/evidence/runner_author.json:32: trailing whitespace.
+    "stop_reason": "end_turn",
First_Phase/scene_demo/results/2026-10-10-visual-finish/evidence/runner_author.json:33: trailing whitespace.
+    "request_sha256": "7e3d1102a0b1711fa2858e14bc25d7450908776cf43a4be0b9aad70822015458",
First_Phase/scene_demo/results/2026-10-10-visual-finish/evidence/runner_author.json:34: trailing whitespace.
+    "response_sha256": "d57496561e01559039cfbb651dfe62f836577695a2424b0f00b9875bcb5f58b9",
First_Phase/scene_demo/results/2026-10-10-visual-finish/evidence/runner_author.json:35: trailing whitespace.
+    "previous_attempts": {
First_Phase/scene_demo/results/2026-10-10-visual-finish/evidence/runner_author.json:36: trailing whitespace.
+      "actual_deepseek": true,
First_Phase/scene_demo/results/2026-10-10-visual-finish/evidence/runner_author.json:37: trailing whitespace.
+      "http_status": 200,
First_Phase/scene_demo/results/2026-10-10-visual-finish/evidence/runner_author.json:38: trailing whitespace.
+      "model": "deepseek-flash",
First_Phase/scene_demo/results/2026-10-10-visual-finish/evidence/runner_author.json:39: trailing whitespace.
+      "thinking_requested": {
First_Phase/scene_demo/results/2026-10-10-visual-finish/evidence/runner_author.json:40: trailing whitespace.
+        "type": "enabled"
First_Phase/scene_demo/results/2026-10-10-visual-finish/evidence/runner_author.json:41: trailing whitespace.
+      },
First_Phase/scene_demo/results/2026-10-10-visual-finish/evidence/runner_author.json:42: trailing whitespace.
+      "output_config_requested": {
First_Phase/scene_demo/results/2026-10-10-visual-finish/evidence/runner_author.json:43: trailing whitespace.
+        "effort": "low"
First_Phase/scene_demo/results/2026-10-10-visual-finish/evidence/runner_author.json:44: trailing whitespace.
+      },
First_Phase/scene_demo/results/2026-10-10-visual-finish/evidence/runner_author.json:45: trailing whitespace.
+      "usage": {
First_Phase/scene_demo/results/2026-10-10-visual-finish/evidence/runner_author.json:46: trailing whitespace.
+        "input_tokens": 2156,
First_Phase/scene_demo/results/2026-10-10-visual-finish/evidence/runner_author.json:47: trailing whitespace.
+        "cache_creation_input_tokens": 0,
First_Phase/scene_demo/results/2026-10-10-visual-finish/evidence/runner_author.json:48: trailing whitespace.
+        "cache_read_input_tokens": 0,
First_Phase/scene_demo/results/2026-10-10-visual-finish/evidence/runner_author.json:49: trailing whitespace.
+        "output_tokens": 9424,
First_Phase/scene_demo/results/2026-10-10-visual-finish/evidence/runner_author.json:50: trailing whitespace.
+        "service_tier": "standard"
First_Phase/scene_demo/results/2026-10-10-visual-finish/evidence/runner_author.json:51: trailing whitespace.
+      },
First_Phase/scene_demo/results/2026-10-10-visual-finish/evidence/runner_author.json:52: trailing whitespace.
+      "stop_reason": "end_turn",
First_Phase/scene_demo/results/2026-10-10-visual-finish/evidence/runner_author.json:53: trailing whitespace.
+      "request_sha256": "c1879b4cfbc8afd102a86ee0da686e8565af666128bf874741912b892359c155",
First_Phase/scene_demo/results/2026-10-10-visual-finish/evidence/runner_author.json:54: trailing whitespace.
+      "response_sha256": "083215aa714527a1c680f5afe49eef0270d78f787ec527f22270379d48b3eb47",
First_Phase/scene_demo/results/2026-10-10-visual-finish/evidence/runner_author.json:55: trailing whitespace.
+      "previous_rejected_attempts": {
First_Phase/scene_demo/results/2026-10-10-visual-finish/evidence/runner_author.json:56: trailing whitespace.
+        "actual_deepseek": true,
First_Phase/scene_demo/results/2026-10-10-visual-finish/evidence/runner_author.json:57: trailing whitespace.
+        "http_status": 200,
First_Phase/scene_demo/results/2026-10-10-visual-finish/evidence/runner_author.json:58: trailing whitespace.
+        "model": "deepseek-flash",
First_Phase/scene_demo/results/2026-10-10-visual-finish/evidence/runner_author.json:59: trailing whitespace.
+        "thinking_requested": {
First_Phase/scene_demo/results/2026-10-10-visual-finish/evidence/runner_author.json:60: trailing whitespace.
+          "type": "enabled",
First_Phase/scene_demo/results/2026-10-10-visual-finish/evidence/runner_author.json:61: trailing whitespace.
+          "budget_tokens": 2048
First_Phase/scene_demo/results/2026-10-10-visual-finish/evidence/runner_author.json:62: trailing whitespace.
+        },
First_Phase/scene_demo/results/2026-10-10-visual-finish/evidence/runner_author.json:63: trailing whitespace.
+        "usage": {
First_Phase/scene_demo/results/2026-10-10-visual-finish/evidence/runner_author.json:64: trailing whitespace.
+          "input_tokens": 2171,
First_Phase/scene_demo/results/2026-10-10-visual-finish/evidence/runner_author.json:65: trailing whitespace.
+          "cache_creation_input_tokens": 0,
First_Phase/scene_demo/results/2026-10-10-visual-finish/evidence/runner_author.json:66: trailing whitespace.
+          "cache_read_input_tokens": 0,
First_Phase/scene_demo/results/2026-10-10-visual-finish/evidence/runner_author.json:67: trailing whitespace.
+          "output_tokens": 12000,
First_Phase/scene_demo/results/2026-10-10-visual-finish/evidence/runner_author.json:68: trailing whitespace.
+          "service_tier": "standard"
First_Phase/scene_demo/results/2026-10-10-visual-finish/evidence/runner_author.json:69: trailing whitespace.
+        },
First_Phase/scene_demo/results/2026-10-10-visual-finish/evidence/runner_author.json:70: trailing whitespace.
+        "stop_reason": "max_tokens",
First_Phase/scene_demo/results/2026-10-10-visual-finish/evidence/runner_author.json:71: trailing whitespace.
+        "request_sha256": "67fd498ebfca7e739e160d754aa16d475153e5c4550c7642f722848476f29ba0",
First_Phase/scene_demo/results/2026-10-10-visual-finish/evidence/runner_author.json:72: trailing whitespace.
+        "response_sha256": "66d80d814ce09c32a152c4301a8e7e7c226553a15d5e360df41be585dd7c5a04",
First_Phase/scene_demo/results/2026-10-10-visual-finish/evidence/runner_author.json:73: trailing whitespace.
+        "files": {
First_Phase/scene_demo/results/2026-10-10-visual-finish/evidence/runner_author.json:74: trailing whitespace.
+          "First_Phase/scene_demo/finish_v1/pilot.py": "01ba4719c80b6fe911b091a7c05124b64eeece964e09c058ef8f9805daca546b"
First_Phase/scene_demo/results/2026-10-10-visual-finish/evidence/runner_author.json:75: trailing whitespace.
+        },
First_Phase/scene_demo/results/2026-10-10-visual-finish/evidence/runner_author.json:76: trailing whitespace.
+        "lines": 0,
First_Phase/scene_demo/results/2026-10-10-visual-finish/evidence/runner_author.json:77: trailing whitespace.
+        "status": "implementation_not_accepted",
First_Phase/scene_demo/results/2026-10-10-visual-finish/evidence/runner_author.json:78: trailing whitespace.
+        "previous_rejected_attempt": {
First_Phase/scene_demo/results/2026-10-10-visual-finish/evidence/runner_author.json:79: trailing whitespace.
+          "actual_deepseek": true,
First_Phase/scene_demo/results/2026-10-10-visual-finish/evidence/runner_author.json:80: trailing whitespace.
+          "http_status": 200,
First_Phase/scene_demo/results/2026-10-10-visual-finish/evidence/runner_author.json:81: trailing whitespace.
+          "model": "deepseek-flash",
First_Phase/scene_demo/results/2026-10-10-visual-finish/evidence/runner_author.json:82: trailing whitespace.
+          "usage": {
First_Phase/scene_demo/results/2026-10-10-visual-finish/evidence/runner_author.json:83: trailing whitespace.
+            "input_tokens": 1946,
First_Phase/scene_demo/results/2026-10-10-visual-finish/evidence/runner_author.json:84: trailing whitespace.
+            "cache_creation_input_tokens": 0,
First_Phase/scene_demo/results/2026-10-10-visual-finish/evidence/runner_author.json:85: trailing whitespace.
+            "cache_read_input_tokens": 0,
First_Phase/scene_demo/results/2026-10-10-visual-finish/evidence/runner_author.json:86: trailing whitespace.
+            "output_tokens": 3047,
First_Phase/scene_demo/results/2026-10-10-visual-finish/evidence/runner_author.json:87: trailing whitespace.
+            "service_tier": "standard"
First_Phase/scene_demo/results/2026-10-10-visual-finish/evidence/runner_author.json:88: trailing whitespace.
+          },
First_Phase/scene_demo/results/2026-10-10-visual-finish/evidence/runner_author.json:89: trailing whitespace.
+          "stop_reason": "end_turn",
First_Phase/scene_demo/results/2026-10-10-visual-finish/evidence/runner_author.json:90: trailing whitespace.
+          "response_sha256": "f991e33c8e765488f7f76dd06cb6204b31b5fe646ee8d5781ec2fe559e57a232",
First_Phase/scene_demo/results/2026-10-10-visual-finish/evidence/runner_author.json:91: trailing whitespace.
+          "request_sha256": "145355e254d561e021853be6c0b82075037c9b1292d7d5e516e48c0076ad6973",
First_Phase/scene_demo/results/2026-10-10-visual-finish/evidence/runner_author.json:92: trailing whitespace.
+          "status": "implementation_not_accepted",
First_Phase/scene_demo/results/2026-10-10-visual-finish/evidence/runner_author.json:93: trailing whitespace.
+          "files": {},
First_Phase/scene_demo/results/2026-10-10-visual-finish/evidence/runner_author.json:94: trailing whitespace.
+          "failure": "Complete DS source exceeded270line limit and contains Qwen stub, incorrect reference/vision APIs, missing safety/video/counters. Not applied, no real environment/Qwen called."
First_Phase/scene_demo/results/2026-10-10-visual-finish/evidence/runner_author.json:95: trailing whitespace.
+        },
First_Phase/scene_demo/results/2026-10-10-visual-finish/evidence/runner_author.json:96: trailing whitespace.
+        "new_robot_actions": 0,
First_Phase/scene_demo/results/2026-10-10-visual-finish/evidence/runner_author.json:97: trailing whitespace.
+        "new_qwen_calls": 0,
First_Phase/scene_demo/results/2026-10-10-visual-finish/evidence/runner_author.json:98: trailing whitespace.
+        "failure": "Enabled response exhausted12000 output tokens in thinking only; no text code. Empty newline source must never be considered implementation; no runtime launched."
First_Phase/scene_demo/results/2026-10-10-visual-finish/evidence/runner_author.json:99: trailing whitespace.
+      },
First_Phase/scene_demo/results/2026-10-10-visual-finish/evidence/runner_author.json:100: trailing whitespace.
+      "new_robot_actions": 0,
First_Phase/scene_demo/results/2026-10-10-visual-finish/evidence/runner_author.json:101: trailing whitespace.
+      "new_qwen_calls": 0,
First_Phase/scene_demo/results/2026-10-10-visual-finish/evidence/runner_author.json:102: trailing whitespace.
+      "files": {
First_Phase/scene_demo/results/2026-10-10-visual-finish/evidence/runner_author.json:103: trailing whitespace.
+        "First_Phase/scene_demo/finish_v1/pilot.py": "e65eb88984079ee8756ca2256251e890916a66b677cab1da52d4e598e486d3b1"
First_Phase/scene_demo/results/2026-10-10-visual-finish/evidence/runner_author.json:104: trailing whitespace.
+      },
First_Phase/scene_demo/results/2026-10-10-visual-finish/evidence/runner_author.json:105: trailing whitespace.
+      "lines": 1049,
First_Phase/scene_demo/results/2026-10-10-visual-finish/evidence/runner_author.json:106: trailing whitespace.
+      "status": "applied_pending_GPT_review"
First_Phase/scene_demo/results/2026-10-10-visual-finish/evidence/runner_author.json:107: trailing whitespace.
+    },
First_Phase/scene_demo/results/2026-10-10-visual-finish/evidence/runner_author.json:108: trailing whitespace.
+    "new_robot_actions": 0,
First_Phase/scene_demo/results/2026-10-10-visual-finish/evidence/runner_author.json:109: trailing whitespace.
+    "new_qwen_calls": 0,
First_Phase/scene_demo/results/2026-10-10-visual-finish/evidence/runner_author.json:110: trailing whitespace.
+    "status": "static_verification_failed",
First_Phase/scene_demo/results/2026-10-10-visual-finish/evidence/runner_author.json:111: trailing whitespace.
+    "files": {
First_Phase/scene_demo/results/2026-10-10-visual-finish/evidence/runner_author.json:112: trailing whitespace.
+      "First_Phase/scene_demo/finish_v1/pilot.py": "2f8b4ca3f0128c65ac11651ad9a2413ec7a20778c8345ce222087b37078aee83",
First_Phase/scene_demo/results/2026-10-10-visual-finish/evidence/runner_author.json:113: trailing whitespace.
+      "First_Phase/tmp/finish_pilot_pure_tests.py": "7f4b142c350504b20672a5e3c37efa99b1b4124b381bd01e2ddd24fd42547996"
First_Phase/scene_demo/results/2026-10-10-visual-finish/evidence/runner_author.json:114: trailing whitespace.
+    },
First_Phase/scene_demo/results/2026-10-10-visual-finish/evidence/runner_author.json:115: trailing whitespace.
+    "source_lines": 978,
First_Phase/scene_demo/results/2026-10-10-visual-finish/evidence/runner_author.json:116: trailing whitespace.
+    "verification": [
First_Phase/scene_demo/results/2026-10-10-visual-finish/evidence/runner_author.json:117: trailing whitespace.
+      {
First_Phase/scene_demo/results/2026-10-10-visual-finish/evidence/runner_author.json:118: trailing whitespace.
+        "label": "tests",
First_Phase/scene_demo/results/2026-10-10-visual-finish/evidence/runner_author.json:119: trailing whitespace.
+        "command": [
First_Phase/scene_demo/results/2026-10-10-visual-finish/evidence/runner_author.json:120: trailing whitespace.
+          "C:\\Users\\Admin1\\.cache\\codex-runtimes\\codex-primary-runtime\\dependencies\\python\\python.exe",
First_Phase/scene_demo/results/2026-10-10-visual-finish/evidence/runner_author.json:121: trailing whitespace.
+          "-B",
First_Phase/scene_demo/results/2026-10-10-visual-finish/evidence/runner_author.json:122: trailing whitespace.
+          "-m",
First_Phase/scene_demo/results/2026-10-10-visual-finish/evidence/runner_author.json:123: trailing whitespace.
+          "unittest",
First_Phase/scene_demo/results/2026-10-10-visual-finish/evidence/runner_author.json:124: trailing whitespace.
+          "discover",
First_Phase/scene_demo/results/2026-10-10-visual-finish/evidence/runner_author.json:125: trailing whitespace.
+          "-s",
First_Phase/scene_demo/results/2026-10-10-visual-finish/evidence/runner_author.json:126: trailing whitespace.
+          "First_Phase/tmp",
First_Phase/scene_demo/results/2026-10-10-visual-finish/evidence/runner_author.json:127: trailing whitespace.
+          "-p",
First_Phase/scene_demo/results/2026-10-10-visual-finish/evidence/runner_author.json:128: trailing whitespace.
+          "finish_pilot_pure_tests.py",
First_Phase/scene_demo/results/2026-10-10-visual-finish/evidence/runner_author.json:129: trailing whitespace.
+          "-v"
First_Phase/scene_demo/results/2026-10-10-visual-finish/evidence/runner_author.json:130: trailing whitespace.
+        ],
First_Phase/scene_demo/results/2026-10-10-visual-finish/evidence/runner_author.json:131: trailing whitespace.
+        "exit_code": 1,
First_Phase/scene_demo/results/2026-10-10-visual-finish/evidence/runner_author.json:132: trailing whitespace.
+        "stdout_sha256": "e3b0c44298fc1c149afbf4c8996fb92427ae41e4649b934ca495991b7852b855",
First_Phase/scene_demo/results/2026-10-10-visual-finish/evidence/runner_author.json:133: trailing whitespace.
+        "stderr_sha256": "425c05bcd268f569cc8cc33f35b483cb735983026c306f22232c388fbf069a3e"
First_Phase/scene_demo/results/2026-10-10-visual-finish/evidence/runner_author.json:134: trailing whitespace.
+      }
First_Phase/scene_demo/results/2026-10-10-visual-finish/evidence/runner_author.json:135: trailing whitespace.
+    ]
First_Phase/scene_demo/results/2026-10-10-visual-finish/evidence/runner_author.json:136: trailing whitespace.
+  },
First_Phase/scene_demo/results/2026-10-10-visual-finish/evidence/runner_author.json:137: trailing whitespace.
+  "new_robot_actions": 0,
First_Phase/scene_demo/results/2026-10-10-visual-finish/evidence/runner_author.json:138: trailing whitespace.
+  "new_qwen_calls": 0,
First_Phase/scene_demo/results/2026-10-10-visual-finish/evidence/runner_author.json:139: trailing whitespace.
+  "status": "mechanical_tests_passed_pending_GPT_review",
First_Phase/scene_demo/results/2026-10-10-visual-finish/evidence/runner_author.json:140: trailing whitespace.
+  "patch_count": 13,
First_Phase/scene_demo/results/2026-10-10-visual-finish/evidence/runner_author.json:141: trailing whitespace.
+  "files": {
First_Phase/scene_demo/results/2026-10-10-visual-finish/evidence/runner_author.json:142: trailing whitespace.
+    "First_Phase/scene_demo/finish_v1/pilot.py": "84b4238f8e5e37f3c22ebfcb12ea4818b1f720ff9e81ba6d1e3a1448b7b47633",
First_Phase/scene_demo/results/2026-10-10-visual-finish/evidence/runner_author.json:143: trailing whitespace.
+    "First_Phase/scene_demo/finish_v1/tests/test_pilot.py": "1e35ce0cfe03c02b896c20295838614c31e9d21c48039156d2ba3897a49050c9"
First_Phase/scene_demo/results/2026-10-10-visual-finish/evidence/runner_author.json:144: trailing whitespace.
+  },
First_Phase/scene_demo/results/2026-10-10-visual-finish/evidence/runner_author.json:145: trailing whitespace.
+  "normalization": "Only complete JSON patch objects extracted by JSONDecoder; incomplete trailing patch/test discarded; every applied old matched uniquely; ast.parse passed",
First_Phase/scene_demo/results/2026-10-10-visual-finish/evidence/runner_author.json:146: trailing whitespace.
+  "verification": [
First_Phase/scene_demo/results/2026-10-10-visual-finish/evidence/runner_author.json:147: trailing whitespace.
+    {
First_Phase/scene_demo/results/2026-10-10-visual-finish/evidence/runner_author.json:148: trailing whitespace.
+      "label": "tests",
First_Phase/scene_demo/results/2026-10-10-visual-finish/evidence/runner_author.json:149: trailing whitespace.
+      "command": [
First_Phase/scene_demo/results/2026-10-10-visual-finish/evidence/runner_author.json:150: trailing whitespace.
+        "C:\\Users\\Admin1\\.cache\\codex-runtimes\\codex-primary-runtime\\dependencies\\python\\python.exe",
First_Phase/scene_demo/results/2026-10-10-visual-finish/evidence/runner_author.json:151: trailing whitespace.
+        "-B",
First_Phase/scene_demo/results/2026-10-10-visual-finish/evidence/runner_author.json:152: trailing whitespace.
+        "-m",
First_Phase/scene_demo/results/2026-10-10-visual-finish/evidence/runner_author.json:153: trailing whitespace.
+        "unittest",
First_Phase/scene_demo/results/2026-10-10-visual-finish/evidence/runner_author.json:154: trailing whitespace.
+        "discover",
First_Phase/scene_demo/results/2026-10-10-visual-finish/evidence/runner_author.json:155: trailing whitespace.
+        "-s",
First_Phase/scene_demo/results/2026-10-10-visual-finish/evidence/runner_author.json:156: trailing whitespace.
+        "First_Phase/tmp",
First_Phase/scene_demo/results/2026-10-10-visual-finish/evidence/runner_author.json:157: trailing whitespace.
+        "-p",
First_Phase/scene_demo/results/2026-10-10-visual-finish/evidence/runner_author.json:158: trailing whitespace.
+        "finish_pilot_pure_tests.py",
First_Phase/scene_demo/results/2026-10-10-visual-finish/evidence/runner_author.json:159: trailing whitespace.
+        "-v"
First_Phase/scene_demo/results/2026-10-10-visual-finish/evidence/runner_author.json:160: trailing whitespace.
+      ],
First_Phase/scene_demo/results/2026-10-10-visual-finish/evidence/runner_author.json:161: trailing whitespace.
+      "exit_code": 1,
First_Phase/scene_demo/results/2026-10-10-visual-finish/evidence/runner_author.json:162: trailing whitespace.
+      "stdout_sha256": "e3b0c44298fc1c149afbf4c8996fb92427ae41e4649b934ca495991b7852b855",
First_Phase/scene_demo/results/2026-10-10-visual-finish/evidence/runner_author.json:163: trailing whitespace.
+      "stderr_sha256": "67da419dbdc8c2b5cd3b09173f17ddc6b24e946df8190c0367088a85e25b7b2c"
First_Phase/scene_demo/results/2026-10-10-visual-finish/evidence/runner_author.json:164: trailing whitespace.
+    }
First_Phase/scene_demo/results/2026-10-10-visual-finish/evidence/runner_author.json:165: trailing whitespace.
+  ],
First_Phase/scene_demo/results/2026-10-10-visual-finish/evidence/runner_author.json:166: trailing whitespace.
+  "gpt_mechanical_corrections": [
First_Phase/scene_demo/results/2026-10-10-visual-finish/evidence/runner_author.json:167: trailing whitespace.
+    "Use service.state_sha after actual replay instead of phantom port.state and bare sha256",
First_Phase/scene_demo/results/2026-10-10-visual-finish/evidence/runner_author.json:168: trailing whitespace.
+    "Capture helper video after actual successful step/count",
First_Phase/scene_demo/results/2026-10-10-visual-finish/evidence/runner_author.json:169: trailing whitespace.
+    "Negative branch controlled only by not allow_helper",
First_Phase/scene_demo/results/2026-10-10-visual-finish/evidence/runner_author.json:170: trailing whitespace.
+    "Fixed turnon literal predicate, False oracle predicate normalFalse",
First_Phase/scene_demo/results/2026-10-10-visual-finish/evidence/runner_author.json:171: trailing whitespace.
+    "Embedded target uses objects nesting and fixedgoal predicate type/equality",
First_Phase/scene_demo/results/2026-10-10-visual-finish/evidence/runner_author.json:172: trailing whitespace.
+    "Core exception reason/actions mismatch unknown, safetyabort counter differences recorded",
First_Phase/scene_demo/results/2026-10-10-visual-finish/evidence/runner_author.json:173: trailing whitespace.
+    "Oracle flush before actualpost streak read",
First_Phase/scene_demo/results/2026-10-10-visual-finish/evidence/runner_author.json:174: trailing whitespace.
+    "Stove readiness uses nativepredicate helper not strictcandidate",
First_Phase/scene_demo/results/2026-10-10-visual-finish/evidence/runner_author.json:175: trailing whitespace.
+    "Qwen constructor exact max_calls18 without fallback",
First_Phase/scene_demo/results/2026-10-10-visual-finish/evidence/runner_author.json:176: trailing whitespace.
+    "SensorPort callback writes actual helper state only",
First_Phase/scene_demo/results/2026-10-10-visual-finish/evidence/runner_author.json:177: trailing whitespace.
+    "Existing actualPRO private tests saved publicly, path adaptation and frozen expected-value corrections; focused GPT mechanical checks added"
First_Phase/scene_demo/results/2026-10-10-visual-finish/evidence/runner_author.json:178: trailing whitespace.
+  ],
First_Phase/scene_demo/results/2026-10-10-visual-finish/evidence/runner_author.json:179: trailing whitespace.
+  "mechanical_verification": [
First_Phase/scene_demo/results/2026-10-10-visual-finish/evidence/runner_author.json:180: trailing whitespace.
+    {
First_Phase/scene_demo/results/2026-10-10-visual-finish/evidence/runner_author.json:181: trailing whitespace.
+      "label": "tests",
First_Phase/scene_demo/results/2026-10-10-visual-finish/evidence/runner_author.json:182: trailing whitespace.
+      "command": [
First_Phase/scene_demo/results/2026-10-10-visual-finish/evidence/runner_author.json:183: trailing whitespace.
+        "wsl.exe",
First_Phase/scene_demo/results/2026-10-10-visual-finish/evidence/runner_author.json:184: trailing whitespace.
+        "--exec",
First_Phase/scene_demo/results/2026-10-10-visual-finish/evidence/runner_author.json:185: trailing whitespace.
+        "env",
First_Phase/scene_demo/results/2026-10-10-visual-finish/evidence/runner_author.json:186: trailing whitespace.
+        "PYTHONDONTWRITEBYTECODE=1",
First_Phase/scene_demo/results/2026-10-10-visual-finish/evidence/runner_author.json:187: trailing whitespace.
+        "PYTHONPATH=/mnt/d/FYP/First_Phase",
First_Phase/scene_demo/results/2026-10-10-visual-finish/evidence/runner_author.json:188: trailing whitespace.
+        "/home/yhwang/fyp/libero_demo/venv/bin/python",
First_Phase/scene_demo/results/2026-10-10-visual-finish/evidence/runner_author.json:189: trailing whitespace.
+        "-B",
First_Phase/scene_demo/results/2026-10-10-visual-finish/evidence/runner_author.json:190: trailing whitespace.
+        "-m",
First_Phase/scene_demo/results/2026-10-10-visual-finish/evidence/runner_author.json:191: trailing whitespace.
+        "unittest",
First_Phase/scene_demo/results/2026-10-10-visual-finish/evidence/runner_author.json:192: trailing whitespace.
+        "discover",
First_Phase/scene_demo/results/2026-10-10-visual-finish/evidence/runner_author.json:193: trailing whitespace.
+        "-s",
First_Phase/scene_demo/results/2026-10-10-visual-finish/evidence/runner_author.json:194: trailing whitespace.
+        "/mnt/d/FYP/First_Phase/scene_demo/finish_v1/tests",
First_Phase/scene_demo/results/2026-10-10-visual-finish/evidence/runner_author.json:195: trailing whitespace.
+        "-p",
First_Phase/scene_demo/results/2026-10-10-visual-finish/evidence/runner_author.json:196: trailing whitespace.
+        "test_pilot.py",
First_Phase/scene_demo/results/2026-10-10-visual-finish/evidence/runner_author.json:197: trailing whitespace.
+        "-v"
First_Phase/scene_demo/results/2026-10-10-visual-finish/evidence/runner_author.json:198: trailing whitespace.
+      ],
First_Phase/scene_demo/results/2026-10-10-visual-finish/evidence/runner_author.json:199: trailing whitespace.
+      "exit_code": 0,
First_Phase/scene_demo/results/2026-10-10-visual-finish/evidence/runner_author.json:200: trailing whitespace.
+      "stdout_sha256": "e3b0c44298fc1c149afbf4c8996fb92427ae41e4649b934ca495991b7852b855",
First_Phase/scene_demo/results/2026-10-10-visual-finish/evidence/runner_author.json:201: trailing whitespace.
+      "stderr_sha256": "0ddf44930885899c5fb7ba97d9d62b213bb438a1ae991f403e278b1576561550"
First_Phase/scene_demo/results/2026-10-10-visual-finish/evidence/runner_author.json:202: trailing whitespace.
+    },
First_Phase/scene_demo/results/2026-10-10-visual-finish/evidence/runner_author.json:203: trailing whitespace.
+    {
First_Phase/scene_demo/results/2026-10-10-visual-finish/evidence/runner_author.json:204: trailing whitespace.
+      "label": "compile",
First_Phase/scene_demo/results/2026-10-10-visual-finish/evidence/runner_author.json:205: trailing whitespace.
+      "command": [
First_Phase/scene_demo/results/2026-10-10-visual-finish/evidence/runner_author.json:206: trailing whitespace.
+        "wsl.exe",
First_Phase/scene_demo/results/2026-10-10-visual-finish/evidence/runner_author.json:207: trailing whitespace.
+        "--exec",
First_Phase/scene_demo/results/2026-10-10-visual-finish/evidence/runner_author.json:208: trailing whitespace.
+        "/home/yhwang/fyp/libero_demo/venv/bin/python",
First_Phase/scene_demo/results/2026-10-10-visual-finish/evidence/runner_author.json:209: trailing whitespace.
+        "-B",
First_Phase/scene_demo/results/2026-10-10-visual-finish/evidence/runner_author.json:210: trailing whitespace.
+        "-c",
First_Phase/scene_demo/results/2026-10-10-visual-finish/evidence/runner_author.json:211: trailing whitespace.
+        "from pathlib import Path; paths=[Path('/mnt/d/FYP/First_Phase/scene_demo/finish_v1/pilot.py'),Path('/mnt/d/FYP/First_Phase/scene_demo/finish_v1/tests/test_pilot.py')]; [compile(p.read_text(),str(p),'exec') for p in paths]; print('IN_MEMORY_COMPILE_OK files=2')"
First_Phase/scene_demo/results/2026-10-10-visual-finish/evidence/runner_author.json:212: trailing whitespace.
+      ],
First_Phase/scene_demo/results/2026-10-10-visual-finish/evidence/runner_author.json:213: trailing whitespace.
+      "exit_code": 0,
First_Phase/scene_demo/results/2026-10-10-visual-finish/evidence/runner_author.json:214: trailing whitespace.
+      "stdout_sha256": "9535ac0fceda484ed17d2a7de1f708d2983998d50cdca356b7b535443fecd85e",
First_Phase/scene_demo/results/2026-10-10-visual-finish/evidence/runner_author.json:215: trailing whitespace.
+      "stderr_sha256": "e3b0c44298fc1c149afbf4c8996fb92427ae41e4649b934ca495991b7852b855"
First_Phase/scene_demo/results/2026-10-10-visual-finish/evidence/runner_author.json:216: trailing whitespace.
+    }
First_Phase/scene_demo/results/2026-10-10-visual-finish/evidence/runner_author.json:217: trailing whitespace.
+  ],
First_Phase/scene_demo/results/2026-10-10-visual-finish/evidence/runner_author.json:218: trailing whitespace.
+  "test_origin": {
First_Phase/scene_demo/results/2026-10-10-visual-finish/evidence/runner_author.json:219: trailing whitespace.
+    "baseline": "actual DeepSeek PRO private finish_pilot_pure_tests.py",
First_Phase/scene_demo/results/2026-10-10-visual-finish/evidence/runner_author.json:220: trailing whitespace.
+    "mechanical_expectations": "GPT current specification; no new model call",
First_Phase/scene_demo/results/2026-10-10-visual-finish/evidence/runner_author.json:221: trailing whitespace.
+    "source_sha256": "6c7a1c778c8b8e939f73db848262a136def0043bc5689a5c3cecad71ce26a995"
First_Phase/scene_demo/results/2026-10-10-visual-finish/evidence/runner_author.json:222: trailing whitespace.
+  },
First_Phase/scene_demo/results/2026-10-10-visual-finish/evidence/runner_author.json:223: trailing whitespace.
+  "new_deepseek_calls_in_mechanical_correction": 0,
First_Phase/scene_demo/results/2026-10-10-visual-finish/evidence/runner_author.json:224: trailing whitespace.
+  "mechanical_diff_review": {
First_Phase/scene_demo/results/2026-10-10-visual-finish/evidence/runner_author.json:225: trailing whitespace.
+    "before_source_sha256": "ab8af00a212223fa330efee76279f4b653bd2e0b9d1e88466f3f46d7bd410092",
First_Phase/scene_demo/results/2026-10-10-visual-finish/evidence/runner_author.json:226: trailing whitespace.
+    "git_diff_no_index_exit": 1,
First_Phase/scene_demo/results/2026-10-10-visual-finish/evidence/runner_author.json:227: trailing whitespace.
+    "diff_sha256": "cfe4f5525e86cdc3a003f644bd13e727da5fd3e7a29f47343543265a60622afc",
First_Phase/scene_demo/results/2026-10-10-visual-finish/evidence/runner_author.json:228: trailing whitespace.
+    "raw_diff_private": "First_Phase/tmp/finish_pilot_mechanical.diff.log",
First_Phase/scene_demo/results/2026-10-10-visual-finish/evidence/runner_author.json:229: trailing whitespace.
+    "scope": "GPT specified corrections only, no new DS/env/Qwen"
First_Phase/scene_demo/results/2026-10-10-visual-finish/evidence/runner_author.json:230: trailing whitespace.
+  },
First_Phase/scene_demo/results/2026-10-10-visual-finish/evidence/runner_author.json:231: trailing whitespace.
+  "mechanical_verification_test_count": 17
First_Phase/scene_demo/results/2026-10-10-visual-finish/evidence/runner_author.json:232: trailing whitespace.
+}
First_Phase/scene_demo/results/2026-10-10-visual-finish/evidence/software/vision.stderr.log:1: trailing whitespace.
+test_place_complete_ignores_operation_achieved (test_vision.DecideTests.test_place_complete_ignores_operation_achieved) ... ok
First_Phase/scene_demo/results/2026-10-10-visual-finish/evidence/software/vision.stderr.log:2: trailing whitespace.
+test_supported_held_needs_release (test_vision.DecideTests.test_supported_held_needs_release) ... ok
First_Phase/scene_demo/results/2026-10-10-visual-finish/evidence/software/vision.stderr.log:3: trailing whitespace.
+test_turn_needs_retreat (test_vision.DecideTests.test_turn_needs_retreat) ... ok
First_Phase/scene_demo/results/2026-10-10-visual-finish/evidence/software/vision.stderr.log:4: trailing whitespace.
+test_unknown_denies (test_vision.DecideTests.test_unknown_denies) ... ok
First_Phase/scene_demo/results/2026-10-10-visual-finish/evidence/software/vision.stderr.log:5: trailing whitespace.
+test_unsupported_blocks_release (test_vision.DecideTests.test_unsupported_blocks_release) ... ok
First_Phase/scene_demo/results/2026-10-10-visual-finish/evidence/software/vision.stderr.log:6: trailing whitespace.
+test_constructor_no_io (test_vision.ImportSafetyTests.test_constructor_no_io) ... ok
First_Phase/scene_demo/results/2026-10-10-visual-finish/evidence/software/vision.stderr.log:7: trailing whitespace.
+test_naked_and_fence (test_vision.ParseTests.test_naked_and_fence) ... ok
First_Phase/scene_demo/results/2026-10-10-visual-finish/evidence/software/vision.stderr.log:8: trailing whitespace.
+test_reject_prose (test_vision.ParseTests.test_reject_prose) ... ok
First_Phase/scene_demo/results/2026-10-10-visual-finish/evidence/software/vision.stderr.log:9: trailing whitespace.
+test_leading_trailing_prose_rejected (test_vision.ParserFinalTests.test_leading_trailing_prose_rejected) ... ok
First_Phase/scene_demo/results/2026-10-10-visual-finish/evidence/software/vision.stderr.log:10: trailing whitespace.
+test_multiple_fences_rejected (test_vision.ParserFinalTests.test_multiple_fences_rejected) ... ok
First_Phase/scene_demo/results/2026-10-10-visual-finish/evidence/software/vision.stderr.log:11: trailing whitespace.
+test_naked_and_fenced_success (test_vision.ParserFinalTests.test_naked_and_fenced_success) ... ok
First_Phase/scene_demo/results/2026-10-10-visual-finish/evidence/software/vision.stderr.log:12: trailing whitespace.
+test_non_dict_rejected (test_vision.ParserFinalTests.test_non_dict_rejected) ... ok
First_Phase/scene_demo/results/2026-10-10-visual-finish/evidence/software/vision.stderr.log:13: trailing whitespace.
+test_excludes_hidden_fields (test_vision.PromptTests.test_excludes_hidden_fields) ... ok
First_Phase/scene_demo/results/2026-10-10-visual-finish/evidence/software/vision.stderr.log:14: trailing whitespace.
+test_frames_strip_extra (test_vision.PromptTests.test_frames_strip_extra) ... ok
First_Phase/scene_demo/results/2026-10-10-visual-finish/evidence/software/vision.stderr.log:15: trailing whitespace.
+test_validates_context (test_vision.PromptTests.test_validates_context) ... ok
First_Phase/scene_demo/results/2026-10-10-visual-finish/evidence/software/vision.stderr.log:16: trailing whitespace.
+test_bad_schema (test_vision.QwenTests.test_bad_schema) ... ok
First_Phase/scene_demo/results/2026-10-10-visual-finish/evidence/software/vision.stderr.log:17: trailing whitespace.
+test_budget_charge_on_http_error (test_vision.QwenTests.test_budget_charge_on_http_error) ... ok
First_Phase/scene_demo/results/2026-10-10-visual-finish/evidence/software/vision.stderr.log:18: trailing whitespace.
+test_success (test_vision.QwenTests.test_success) ... ok
First_Phase/scene_demo/results/2026-10-10-visual-finish/evidence/software/vision.stderr.log:19: trailing whitespace.
+test_boxes (test_vision.VerdictTests.test_boxes) ... ok
First_Phase/scene_demo/results/2026-10-10-visual-finish/evidence/software/vision.stderr.log:20: trailing whitespace.
+test_null_and_bool_rejections (test_vision.VerdictTests.test_null_and_bool_rejections) ... ok
First_Phase/scene_demo/results/2026-10-10-visual-finish/evidence/software/vision.stderr.log:21: trailing whitespace.
+
First_Phase/scene_demo/results/2026-10-10-visual-finish/evidence/software/vision.stderr.log:22: trailing whitespace.
+----------------------------------------------------------------------
First_Phase/scene_demo/results/2026-10-10-visual-finish/evidence/software/vision.stderr.log:23: trailing whitespace.
+Ran 20 tests in 0.060s
First_Phase/scene_demo/results/2026-10-10-visual-finish/evidence/software/vision.stderr.log:24: trailing whitespace.
+
First_Phase/scene_demo/results/2026-10-10-visual-finish/evidence/software/vision.stderr.log:25: trailing whitespace.
+OK
First_Phase/scene_demo/results/2026-10-10-visual-finish/evidence/vision_author.json:1: trailing whitespace.
+{
First_Phase/scene_demo/results/2026-10-10-visual-finish/evidence/vision_author.json:2: trailing whitespace.
+  "actual_deepseek": true,
First_Phase/scene_demo/results/2026-10-10-visual-finish/evidence/vision_author.json:3: trailing whitespace.
+  "calls": [
First_Phase/scene_demo/results/2026-10-10-visual-finish/evidence/vision_author.json:4: trailing whitespace.
+    {
First_Phase/scene_demo/results/2026-10-10-visual-finish/evidence/vision_author.json:5: trailing whitespace.
+      "http_status": 200,
First_Phase/scene_demo/results/2026-10-10-visual-finish/evidence/vision_author.json:6: trailing whitespace.
+      "model": "deepseek-flash",
First_Phase/scene_demo/results/2026-10-10-visual-finish/evidence/vision_author.json:7: trailing whitespace.
+      "usage": {
First_Phase/scene_demo/results/2026-10-10-visual-finish/evidence/vision_author.json:8: trailing whitespace.
+        "input_tokens": 1587,
First_Phase/scene_demo/results/2026-10-10-visual-finish/evidence/vision_author.json:9: trailing whitespace.
+        "cache_creation_input_tokens": 0,
First_Phase/scene_demo/results/2026-10-10-visual-finish/evidence/vision_author.json:10: trailing whitespace.
+        "cache_read_input_tokens": 0,
First_Phase/scene_demo/results/2026-10-10-visual-finish/evidence/vision_author.json:11: trailing whitespace.
+        "output_tokens": 8000,
First_Phase/scene_demo/results/2026-10-10-visual-finish/evidence/vision_author.json:12: trailing whitespace.
+        "service_tier": "standard"
First_Phase/scene_demo/results/2026-10-10-visual-finish/evidence/vision_author.json:13: trailing whitespace.
+      },
First_Phase/scene_demo/results/2026-10-10-visual-finish/evidence/vision_author.json:14: trailing whitespace.
+      "stop_reason": "max_tokens",
First_Phase/scene_demo/results/2026-10-10-visual-finish/evidence/vision_author.json:15: trailing whitespace.
+      "request_sha256": "81e0d1d76c7f110fde493137b8e4035e4a569f5a3667c3ed5bbc1a137f112992",
First_Phase/scene_demo/results/2026-10-10-visual-finish/evidence/vision_author.json:16: trailing whitespace.
+      "response_sha256": "b600b67ef8c4f01de8cb469896e2382a212f98b85a984b57019dea1232317ca1"
First_Phase/scene_demo/results/2026-10-10-visual-finish/evidence/vision_author.json:17: trailing whitespace.
+    },
First_Phase/scene_demo/results/2026-10-10-visual-finish/evidence/vision_author.json:18: trailing whitespace.
+    {
First_Phase/scene_demo/results/2026-10-10-visual-finish/evidence/vision_author.json:19: trailing whitespace.
+      "http_status": 200,
First_Phase/scene_demo/results/2026-10-10-visual-finish/evidence/vision_author.json:20: trailing whitespace.
+      "model": "deepseek-flash",
First_Phase/scene_demo/results/2026-10-10-visual-finish/evidence/vision_author.json:21: trailing whitespace.
+      "usage": {
First_Phase/scene_demo/results/2026-10-10-visual-finish/evidence/vision_author.json:22: trailing whitespace.
+        "input_tokens": 5241,
First_Phase/scene_demo/results/2026-10-10-visual-finish/evidence/vision_author.json:23: trailing whitespace.
+        "cache_creation_input_tokens": 0,
First_Phase/scene_demo/results/2026-10-10-visual-finish/evidence/vision_author.json:24: trailing whitespace.
+        "cache_read_input_tokens": 1536,
First_Phase/scene_demo/results/2026-10-10-visual-finish/evidence/vision_author.json:25: trailing whitespace.
+        "output_tokens": 8000,
First_Phase/scene_demo/results/2026-10-10-visual-finish/evidence/vision_author.json:26: trailing whitespace.
+        "service_tier": "standard"
First_Phase/scene_demo/results/2026-10-10-visual-finish/evidence/vision_author.json:27: trailing whitespace.
+      },
First_Phase/scene_demo/results/2026-10-10-visual-finish/evidence/vision_author.json:28: trailing whitespace.
+      "stop_reason": "max_tokens",
First_Phase/scene_demo/results/2026-10-10-visual-finish/evidence/vision_author.json:29: trailing whitespace.
+      "request_sha256": "927721186a36b439e1cdeb1e37d4d05adef0360a65c937d5e13ab7df610a8f5f",
First_Phase/scene_demo/results/2026-10-10-visual-finish/evidence/vision_author.json:30: trailing whitespace.
+      "response_sha256": "3b8bc5417668556af42b382bea8ddb850edbcd67b11bec43809f84ebe1e65b31"
First_Phase/scene_demo/results/2026-10-10-visual-finish/evidence/vision_author.json:31: trailing whitespace.
+    },
First_Phase/scene_demo/results/2026-10-10-visual-finish/evidence/vision_author.json:32: trailing whitespace.
+    {
First_Phase/scene_demo/results/2026-10-10-visual-finish/evidence/vision_author.json:33: trailing whitespace.
+      "http_status": 200,
First_Phase/scene_demo/results/2026-10-10-visual-finish/evidence/vision_author.json:34: trailing whitespace.
+      "model": "deepseek-flash",
First_Phase/scene_demo/results/2026-10-10-visual-finish/evidence/vision_author.json:35: trailing whitespace.
+      "usage": {
First_Phase/scene_demo/results/2026-10-10-visual-finish/evidence/vision_author.json:36: trailing whitespace.
+        "input_tokens": 236,
First_Phase/scene_demo/results/2026-10-10-visual-finish/evidence/vision_author.json:37: trailing whitespace.
+        "cache_creation_input_tokens": 0,
First_Phase/scene_demo/results/2026-10-10-visual-finish/evidence/vision_author.json:38: trailing whitespace.
+        "cache_read_input_tokens": 0,
First_Phase/scene_demo/results/2026-10-10-visual-finish/evidence/vision_author.json:39: trailing whitespace.
+        "output_tokens": 580,
First_Phase/scene_demo/results/2026-10-10-visual-finish/evidence/vision_author.json:40: trailing whitespace.
+        "service_tier": "standard"
First_Phase/scene_demo/results/2026-10-10-visual-finish/evidence/vision_author.json:41: trailing whitespace.
+      },
First_Phase/scene_demo/results/2026-10-10-visual-finish/evidence/vision_author.json:42: trailing whitespace.
+      "stop_reason": "end_turn",
First_Phase/scene_demo/results/2026-10-10-visual-finish/evidence/vision_author.json:43: trailing whitespace.
+      "request_sha256": "184078027de38da703e9132dc2e8b30c571132e3ad92475c4bdd09c21e93031e",
First_Phase/scene_demo/results/2026-10-10-visual-finish/evidence/vision_author.json:44: trailing whitespace.
+      "response_sha256": "7ef22767be570b08ab9b7975d614347da03f6eebb7d7933c2fcc66e5b86caa64"
First_Phase/scene_demo/results/2026-10-10-visual-finish/evidence/vision_author.json:45: trailing whitespace.
+    }
First_Phase/scene_demo/results/2026-10-10-visual-finish/evidence/vision_author.json:46: trailing whitespace.
+  ],
First_Phase/scene_demo/results/2026-10-10-visual-finish/evidence/vision_author.json:47: trailing whitespace.
+  "status": "tests_passed",
First_Phase/scene_demo/results/2026-10-10-visual-finish/evidence/vision_author.json:48: trailing whitespace.
+  "prior_failure": "First response truncated tests; second response appended inert DSML and incorrect fenced parser rejected valid JSON. Preserved private outputs, no tool instructions executed. Third bounded correction parser generated by actual DeepSeek.",
First_Phase/scene_demo/results/2026-10-10-visual-finish/evidence/vision_author.json:49: trailing whitespace.
+  "mechanical_application": "first complete source + second complete place patch/tests + third parser function/tests; trailing newline normalization",
First_Phase/scene_demo/results/2026-10-10-visual-finish/evidence/vision_author.json:50: trailing whitespace.
+  "files": {
First_Phase/scene_demo/results/2026-10-10-visual-finish/evidence/vision_author.json:51: trailing whitespace.
+    "First_Phase/scene_demo/finish_v1/__init__.py": "58bc8bac669516085a3d42cb2dd90b27a052ba863c358bb3bb367afd02421cb8",
First_Phase/scene_demo/results/2026-10-10-visual-finish/evidence/vision_author.json:52: trailing whitespace.
+    "First_Phase/scene_demo/finish_v1/vision.py": "1ca6c1af70529f68f408c460a09442e50db8594d8480fe112cfb1dba9ba82b8e",
First_Phase/scene_demo/results/2026-10-10-visual-finish/evidence/vision_author.json:53: trailing whitespace.
+    "First_Phase/scene_demo/finish_v1/tests/test_vision.py": "a53dda585c46c35ff2c6347ae8ca5930df040ad0dc01573b3e7d1ea9b48c53c5"
First_Phase/scene_demo/results/2026-10-10-visual-finish/evidence/vision_author.json:54: trailing whitespace.
+  },
First_Phase/scene_demo/results/2026-10-10-visual-finish/evidence/vision_author.json:55: trailing whitespace.
+  "tests": {
First_Phase/scene_demo/results/2026-10-10-visual-finish/evidence/vision_author.json:56: trailing whitespace.
+    "command": [
First_Phase/scene_demo/results/2026-10-10-visual-finish/evidence/vision_author.json:57: trailing whitespace.
+      "C:\\Users\\Admin1\\.cache\\codex-runtimes\\codex-primary-runtime\\dependencies\\python\\python.exe",
First_Phase/scene_demo/results/2026-10-10-visual-finish/evidence/vision_author.json:58: trailing whitespace.
+      "-B",
First_Phase/scene_demo/results/2026-10-10-visual-finish/evidence/vision_author.json:59: trailing whitespace.
+      "-m",
First_Phase/scene_demo/results/2026-10-10-visual-finish/evidence/vision_author.json:60: trailing whitespace.
+      "unittest",
First_Phase/scene_demo/results/2026-10-10-visual-finish/evidence/vision_author.json:61: trailing whitespace.
+      "discover",
First_Phase/scene_demo/results/2026-10-10-visual-finish/evidence/vision_author.json:62: trailing whitespace.
+      "-s",
First_Phase/scene_demo/results/2026-10-10-visual-finish/evidence/vision_author.json:63: trailing whitespace.
+      "First_Phase/scene_demo/finish_v1/tests",
First_Phase/scene_demo/results/2026-10-10-visual-finish/evidence/vision_author.json:64: trailing whitespace.
+      "-p",
First_Phase/scene_demo/results/2026-10-10-visual-finish/evidence/vision_author.json:65: trailing whitespace.
+      "test_vision.py",
First_Phase/scene_demo/results/2026-10-10-visual-finish/evidence/vision_author.json:66: trailing whitespace.
+      "-v"
First_Phase/scene_demo/results/2026-10-10-visual-finish/evidence/vision_author.json:67: trailing whitespace.
+    ],
First_Phase/scene_demo/results/2026-10-10-visual-finish/evidence/vision_author.json:68: trailing whitespace.
+    "exit_code": 0,
First_Phase/scene_demo/results/2026-10-10-visual-finish/evidence/vision_author.json:69: trailing whitespace.
+    "stdout_sha256": "e3b0c44298fc1c149afbf4c8996fb92427ae41e4649b934ca495991b7852b855",
First_Phase/scene_demo/results/2026-10-10-visual-finish/evidence/vision_author.json:70: trailing whitespace.
+    "stderr_sha256": "a6f60d25b3f7a5c89f5e65f51dd3c187e74ec9baa8f3bb251736061e2fb370a2",
First_Phase/scene_demo/results/2026-10-10-visual-finish/evidence/vision_author.json:71: trailing whitespace.
+    "real_qwen_calls": 0,
First_Phase/scene_demo/results/2026-10-10-visual-finish/evidence/vision_author.json:72: trailing whitespace.
+    "robot_actions": 0,
First_Phase/scene_demo/results/2026-10-10-visual-finish/evidence/vision_author.json:73: trailing whitespace.
+    "count": 20
First_Phase/scene_demo/results/2026-10-10-visual-finish/evidence/vision_author.json:74: trailing whitespace.
+  },
First_Phase/scene_demo/results/2026-10-10-visual-finish/evidence/vision_author.json:75: trailing whitespace.
+  "test_binding_correction": "GPT-directed mechanical name binding vision._parse_verdict_content and quoted structured key assertions; no core logic edits or new DeepSeek call",
First_Phase/scene_demo/results/2026-10-10-visual-finish/evidence/vision_author.json:76: trailing whitespace.
+  "previous_test_failure": {
First_Phase/scene_demo/results/2026-10-10-visual-finish/evidence/vision_author.json:77: trailing whitespace.
+    "exit_code": 1,
First_Phase/scene_demo/results/2026-10-10-visual-finish/evidence/vision_author.json:78: trailing whitespace.
+    "tests": 20,
First_Phase/scene_demo/results/2026-10-10-visual-finish/evidence/vision_author.json:79: trailing whitespace.
+    "failures": 1,
First_Phase/scene_demo/results/2026-10-10-visual-finish/evidence/vision_author.json:80: trailing whitespace.
+    "errors": 4,
First_Phase/scene_demo/results/2026-10-10-visual-finish/evidence/vision_author.json:81: trailing whitespace.
+    "stderr_sha256": "f889b0317a6d4f112ac33a273061820a9a0682eb87b228a76cdcb93ba6630be5",
First_Phase/scene_demo/results/2026-10-10-visual-finish/evidence/vision_author.json:82: trailing whitespace.
+    "raw_output_retained_private": true
First_Phase/scene_demo/results/2026-10-10-visual-finish/evidence/vision_author.json:83: trailing whitespace.
+  }
First_Phase/scene_demo/results/2026-10-10-visual-finish/evidence/vision_author.json:84: trailing whitespace.
+}
